scenario,ev_background_load_mbps,traffic_class,n_seeds,qfi,five_qi,rule_precedence,latency_deadline_ms,pdr_target,pdr_mean,pdr_ci_low,pdr_ci_high,pdr_sd,deadline_violation_rate_mean,deadline_violation_rate_ci_low,deadline_violation_rate_ci_high,deadline_violation_rate_sd,deadline_penalized_mean_ms_mean,deadline_penalized_mean_ms_ci_low,deadline_penalized_mean_ms_ci_high,deadline_penalized_mean_ms_sd,mean_delay_ms_mean,mean_delay_ms_ci_low,mean_delay_ms_ci_high,mean_delay_ms_sd,delay_p95_ms_mean,delay_p95_ms_ci_low,delay_p95_ms_ci_high,delay_p95_ms_sd,throughput_mbps_mean,throughput_mbps_ci_low,throughput_mbps_ci_high,throughput_mbps_sd
baseline,0.0,ALERT_TOTAL,50,1,DEFAULT_QOS_FLOW,50,50,0.99,0.99980676,0.9994202799999999,1.0,0.001366413143964877,0.00057971,0.0,0.0017391300000000002,0.004099168721216535,7.537885,7.4303688,7.722983200000001,0.6001597241729804,7.530399,7.4316666,7.7006026,0.5482100540115874,9.59,9.27,10.15,1.8528521863575076,0.030781538,0.030450246,0.031109858,0.0012123109547370716
baseline,0.0,DIAG_TOTAL,50,1,DEFAULT_QOS_FLOW,90,300,0.95,0.99993334,0.99980002,1.0,0.0004713573803389569,6.666659999999999e-05,0.0,0.0001999998,0.0004714040493865108,7.9546106,7.753129399999999,8.2828624,1.0517173002506766,7.9355426,7.7535282,8.234058,0.9229889384390568,9.9,9.68,10.16,0.8820777882306049,0.09325557599999999,0.09324283400000001,0.093262008,4.45923785928872e-05
baseline,0.0,FAULT_TOTAL,50,1,DEFAULT_QOS_FLOW,10,10,0.9999,0.9998267799999999,0.9994803400000001,1.0,0.0012248503663713419,0.0305727284,0.010389116399999999,0.0633654296,0.1016779607810039,8.3167916,8.1555044,8.6145038,0.9727103206648937,8.317661600000001,8.155396999999999,8.6174868,0.978792558584425,10.41,9.33,12.48,7.063444265934233,0.8669762,0.86596028,0.8680093000000001,0.0037328003822703418
baseline,0.0,TOTAL,50,-1,AGGREGATE,0,0,0,0.99984248,0.9995274399999999,1.0,0.0011138346017250489,0.0241337308,0.0082275038,0.05015840699999999,0.0803688504896803,8.2179922,8.054764200000001,8.5136698,0.9621361068132912,8.2152602,8.054968800000001,8.5039566,0.9430874419118283,10.284675400000001,9.3873312,11.966321000000002,5.755255844646668,0.9910133000000001,0.9898912200000001,0.99211672,0.004052271392537218
baseline,5.0,ALERT_TOTAL,50,1,DEFAULT_QOS_FLOW,50,50,0.99,0.9970666,0.99324212,1.0,0.012220856307884458,0.05710834,0.01014778,0.12048415999999999,0.20202328343329082,14.363265000000002,6.1938836,25.399628200000006,35.71061994671329,14.522781,6.1944388,25.622226,36.2255505941916,28.34,11.08,55.11,82.28594308003906,0.030671586,0.030319822,0.031019454,0.0012606380302328608
baseline,5.0,DIAG_TOTAL,50,1,DEFAULT_QOS_FLOW,90,300,0.95,0.9948999999999999,0.9877333399999999,1.0,0.022937371599151265,0.014199999999999999,0.0006666660000000001,0.036700008000000006,0.07047641848421965,18.2579426,6.459487,35.7872956,55.85166729684806,17.2455106,6.273546799999999,34.813321800000004,54.302754617678374,36.69,11.05,81.87,142.74304872456548,0.09278602400000001,0.092083154,0.09326536200000002,0.0021615620568317478
baseline,5.0,EV_BACKGROUND_TOTAL,50,1,DEFAULT_QOS_FLOW,255,0,0,0.99660416,0.9910425599999999,1.0,0.016784884647412342,0.0,0.0,0.0,0.0,16.924791,6.2332582,34.1484372,53.62360276911975,17.305369,6.249948999999999,34.8782806,54.368506741266714,38.08,11.42,83.52,143.85698716121522,5.098841,5.0713918,5.116423799999999,0.0872809376118759
baseline,5.0,FAULT_TOTAL,50,1,DEFAULT_QOS_FLOW,10,10,0.9999,0.99524258,0.9886713,1.0,0.02079782260590109,0.0822241552,0.023966032800000002,0.1585217372,0.25374731979655596,22.2299118,6.9987346000000015,47.238238200000005,80.21672262534659,22.7379778,7.0517872,48.2114018,80.83645208787776,39.3,11.81,86.56,148.5050761861736,0.86238448,0.8563386000000002,0.86692048,0.01965203640612736
baseline,5.0,TOTAL,50,-1,AGGREGATE,0,0,0,0.99528682,0.98891476,1.0,0.02064898320339976,0.07012605620000001,0.019666447199999996,0.1351931534,0.21889036815113605,21.1669194,6.8690984,44.04022480000001,73.60057118502206,21.4167414,6.8807664000000015,45.0334218,73.9671225724804,38.286152,11.643395600000002,84.6987512,143.80757267940888,0.9858420800000001,0.97913338,0.9909124999999999,0.02210115406520387
baseline,10.0,ALERT_TOTAL,50,1,DEFAULT_QOS_FLOW,50,50,0.99,0.99099298,0.9794242799999999,0.9988177400000001,0.036526614201707885,0.0795131,0.01971014,0.15922324,0.27238554815616917,122.79840700000001,7.745959599999999,347.73150000000004,776.9362052485968,155.701887,7.837467200000001,445.9364928,1006.6914787086848,162.12,12.34,454.33,1006.4330366422289,0.030369563999999998,0.029679094,0.030901217999999998,0.002228506051400025
baseline,10.0,DIAG_TOTAL,50,1,DEFAULT_QOS_FLOW,90,300,0.95,0.97886666,0.9446333199999999,0.9988666599999999,0.1134330912817736,0.02313332,0.001066666,0.062966626,0.130102228238982,36.0754064,7.6747096,87.28620120000001,165.14353999658226,100.42932640000001,7.266959599999999,281.588563,624.7150912584384,159.17,10.36,448.27,1006.2936052663755,0.091272114,0.08793707599999999,0.093157938,0.010685862415761091
baseline,10.0,EV_BACKGROUND_TOTAL,50,1,DEFAULT_QOS_FLOW,255,0,0,0.98631776,0.9669772800000002,0.998472,0.06014827997084728,0.0,0.0,0.0,0.0,87.2006234,7.715861599999999,241.35072839999992,528.1236032035702,137.2447634,7.9329436,388.0879026,876.1195836557105,162.04,12.35,454.1,1006.3601725211182,10.0818714,9.859221400000001,10.2163942,0.6789485651403672
baseline,10.0,FAULT_TOTAL,50,1,DEFAULT_QOS_FLOW,10,10,0.9999,0.98172938,0.95192674,0.9984144,0.08948391091297488,0.09027737220000001,0.030730125799999997,0.16947929720000002,0.2706467369109604,67.7185518,7.9753506000000005,182.29109600000004,388.5690743710016,155.9961318,8.195852600000002,446.22815199999997,1006.7083974213313,162.27,12.56,454.42,1006.4002934281393,0.85000056,0.8228158999999999,0.8662342399999998,0.08702803324877213
baseline,10.0,TOTAL,50,-1,AGGREGATE,0,0,0,0.98178362,0.9533170999999999,0.99849304,0.09024609997450171,0.0791042684,0.025534022999999996,0.15010187360000002,0.24108413751795502,65.7425,7.915852599999999,176.443356,374.3817015326741,151.023,8.0468238,431.71069880000005,973.3610219652652,161.771821,12.265309599999998,453.72158479999996,1006.3905363385588,0.97164228,0.94089346,0.9901023799999998,0.09957203631338202
baseline,15.0,ALERT_TOTAL,50,1,DEFAULT_QOS_FLOW,50,50,0.99,0.99278942,0.9799494799999999,1.0,0.04348524097644147,0.0567449184,9.66184e-05,0.13034094,0.22705236220092195,108.43550220000002,5.0146218000000005,310.40633760000003,700.5700810901719,151.8550082,5.0156196,439.9810034,1007.0049102085205,157.33,7.98,449.17,1006.7568630133543,0.030439946,0.029682356000000003,0.03098675,0.0023881811191023045
baseline,15.0,DIAG_TOTAL,50,1,DEFAULT_QOS_FLOW,90,300,0.95,0.9797,0.94196666,1.0,0.12423452375820729,0.020933346,0.0,0.059933366,0.13031806505694368,28.2403354,5.141392199999999,67.3347198,129.81427053986118,110.7479754,5.1456219999999995,315.7000915999999,714.8227598733299,157.36,8.14,448.8,1006.5186428821812,0.091355898,0.087773722,0.09326750800000001,0.011698427949288307
baseline,15.0,EV_BACKGROUND_TOTAL,50,1,DEFAULT_QOS_FLOW,255,0,0,0.98586922,0.95984512,0.9999968,0.08458212680700049,0.0,0.0,0.0,0.0,62.0260082,5.1301689999999995,169.4138246,371.2895758816116,139.4814468,5.131334799999999,403.50314579999997,916.607715886963,157.66,8.15,446.23,1006.735224954042,15.121155799999999,14.7129354,15.348832,1.3658864537953335
baseline,15.0,FAULT_TOTAL,50,1,DEFAULT_QOS_FLOW,10,10,0.9999,0.9837233000000001,0.9537578999999999,1.0,0.10128609000660718,0.063880936,0.0059783796,0.13960232500000003,0.23173047455335088,50.28664,5.304645000000001,135.036182,288.22891201333573,152.23867,5.304592599999999,441.6379444,1007.0125186080386,157.65,8.22,446.11,1006.7243406013306,0.85220786,0.82368344,0.8675436999999999,0.09493335240330987
baseline,15.0,TOTAL,50,-1,AGGREGATE,0,0,0,0.98358406,0.9528303,1.0,0.10169340940525948,0.056714113719999994,0.0047229984,0.12376418112000001,0.20905096377968155,50.0027578,5.2623896000000006,133.74058220000003,285.70228414536365,149.2231778,5.264307400000002,431.2471919999999,986.0007818510248,157.592136,8.190448600000002,446.0026278,1006.7113313014962,0.97400372,0.9410756600000001,0.9915571999999999,0.10867661640888195
baseline,20.0,ALERT_TOTAL,50,1,DEFAULT_QOS_FLOW,50,50,0.99,0.9921331600000001,0.97823762,1.0,0.0441136572389355,0.041089108000000006,0.0,0.101089108,0.19787388535544742,150.1536448,4.827630999999999,395.0670504,769.0238951258083,197.0543848,4.8260358,531.7534037999999,1059.8114597925112,199.43,6.9,533.97,1059.6220386996295,0.030362816,0.02960279,0.030944259999999998,0.0024678890522113204
baseline,20.0,DIAG_TOTAL,50,1,DEFAULT_QOS_FLOW,90,300,0.95,0.96693334,0.9161333400000001,1.0,0.16387711339811417,0.0364000066,0.0,0.0910666866,0.17979815644294966,34.0399686,5.0019204,79.79398259999999,144.72981975267965,145.0934386,5.002241,394.63990780000006,800.0787286039752,200.12,6.83,534.57,1059.2994788143374,0.0901540782,0.0853626846,0.09326797599999999,0.015421562026198397
baseline,20.0,EV_BACKGROUND_TOTAL,50,1,DEFAULT_QOS_FLOW,255,0,0,0.98288368,0.95187344,1.0,0.10031805698355971,0.0,0.0,0.0,0.0,82.232294,4.932572,199.0933124,381.5764694473664,180.58776,4.932379399999999,487.6508996000001,973.8353297894355,200.48,7.06,534.92,1059.446862850649,20.0915428,19.4249084,20.465198,2.140521692618786
baseline,20.0,FAULT_TOTAL,50,1,DEFAULT_QOS_FLOW,10,10,0.9999,0.97948982,0.94356606,1.0,0.11409368472027087,0.0568030043,0.0021325183000000004,0.12196681754,0.22077470877991537,74.8556238,5.025116799999999,181.6330594,345.54215847495107,197.1838238,5.0241394,531.6849722,1059.8475595825164,199.28,7.09,533.79,1059.7121452141075,0.8478104399999999,0.8136561800000002,0.8677542799999999,0.10647629685102959
baseline,20.0,TOTAL,50,-1,AGGREGATE,0,0,0,0.97820484,0.9411413799999999,1.0,0.11656041222374686,0.052733907420000004,0.00171379396,0.11570569328,0.2094147368556369,72.5618966,5.0104994,173.9025868,333.49403242190374,193.7364646,5.0104498,522.5805402000001,1041.7119779904422,199.42398219999998,7.0418516,533.8030132,1059.655278006234,0.9683273199999999,0.9290875200000002,0.9918705200000001,0.12324506749668669
baseline,22.0,ALERT_TOTAL,50,1,DEFAULT_QOS_FLOW,50,50,0.99,0.9914515,0.9766829000000001,1.0,0.0458029106419615,0.11104654,0.03863274,0.19677474,0.2861617132872215,186.9579534,14.1810242,432.8277564,780.4657982232335,236.2671534,14.145055,588.4104978,1074.202263941585,260.14,34.61,611.64,1085.9441264707527,0.03025385,0.02948726,0.030853808000000003,0.002535970136730272
baseline,22.0,DIAG_TOTAL,50,1,DEFAULT_QOS_FLOW,90,300,0.95,0.95656666,0.8978333399999999,1.0,0.18018618066838987,0.0873,0.02666666,0.15796668,0.23533638336081172,65.01662400000001,23.093596400000003,118.80678599999997,176.8452986023771,189.086784,23.649206399999997,456.36582760000005,839.1991744614133,282.13,51.25,638.3,1089.0056153225664,0.0891188432,0.08370080440000001,0.093217432,0.01694394545833967
baseline,22.0,EV_BACKGROUND_TOTAL,50,1,DEFAULT_QOS_FLOW,255,0,0,0.9801348400000001,0.9458218199999999,1.0,0.10672991027161094,0.0,0.0,0.0,0.0,121.971815,23.551950200000007,246.009206,397.42181082167554,228.987215,23.5378222,548.6578496000001,992.8716791584296,282.52,51.61,621.43,1089.1804877043649,22.015115599999998,21.2019848,22.499416,2.498267638724605
baseline,22.0,FAULT_TOTAL,50,1,DEFAULT_QOS_FLOW,10,10,0.9999,0.9765191799999999,0.9394482399999999,1.0,0.11726633492543583,0.14000097368,0.060167433719999996,0.23954311982,0.3487881657932765,128.5200008,29.016607800000003,253.780261,400.5892183053119,257.24860079999996,34.931841399999996,604.8711446,1081.8784409516652,282.54,51.74,623.07,1089.1700598555371,0.84303906,0.8080218600000002,0.86599336,0.10979534934956145
baseline,22.0,TOTAL,50,-1,AGGREGATE,0,0,0,0.97418494,0.93597076,1.0,0.12109509574363278,0.13014826952,0.0535666862,0.22638818070000002,0.32500496554717095,121.73529,32.8875048,239.27222200000003,380.10955829240004,250.67529,27.367713600000002,597.5429684,1063.5894586872087,281.2859082,50.328419000000004,627.4395662000001,1088.8596132471573,0.96241192,0.92147854,0.98991196,0.1278799096303039
baseline,23.0,ALERT_TOTAL,50,1,DEFAULT_QOS_FLOW,50,50,0.99,0.99000946,0.97314886,1.0,0.05430628935170796,0.14,0.06,0.24,0.3505098327538656,246.6709978,74.371808,478.69529520000003,765.5735118653688,305.31679779999996,74.427965,654.8966912000001,1098.2983714500697,352.26,92.69,706.97,1133.286022626959,0.030085571999999998,0.029266302,0.030725499999999996,0.0027373965986651756
baseline,23.0,DIAG_TOTAL,50,1,DEFAULT_QOS_FLOW,90,300,0.95,0.93236666,0.87333332,0.9790000000000001,0.1971167328803231,0.11326665999999999,0.04416667999999999,0.19646666,0.28531954199141035,101.3618646,41.778876600000004,176.51918679999994,245.0025612617774,244.4186646,61.083891999999985,528.50607,883.5791968714265,382.44,115.72,742.86,1166.8891877245978,0.08675971199999999,0.08120634599999998,0.091168274,0.018708144932705603
baseline,23.0,EV_BACKGROUND_TOTAL,50,1,DEFAULT_QOS_FLOW,255,0,0,0.97738546,0.9410860400000002,0.9989463399999999,0.10988559178085623,0.0,0.0,0.0,0.0,188.2166922,68.4980832,322.9999974,472.4096510771264,301.15249220000004,72.68751079999998,632.8607784,1026.8767154986526,382.59,117.78,755.96,1167.2093373267955,22.9101556,22.049862799999996,23.455370000000002,2.6925839413736963
baseline,23.0,FAULT_TOTAL,50,1,DEFAULT_QOS_FLOW,10,10,0.9999,0.9730471,0.93356278,0.99792336,0.11918550055069789,0.15747074590000001,0.06009321971999999,0.26007983612,0.3646548618269687,211.33366020000003,86.04000460000002,364.9852306,519.1780080330878,346.31666020000006,88.30865479999999,707.1792657999999,1128.9355513392702,382.63,115.61,740.36,1167.2133374418067,0.8375851,0.80177956,0.86206312,0.11244743364286863
baseline,23.0,TOTAL,50,-1,AGGREGATE,0,0,0,0.9675518200000001,0.9289223400000001,0.9943251200000001,0.12441689736784312,0.1495050124,0.05851180338,0.24775632268,0.34800747256051767,195.980427,78.18862719999998,338.1433372,482.41949005475044,334.527227,93.97694140000002,684.8984588000001,1106.315100424988,380.8899922,116.91684559999997,748.0717541999999,1165.0485837670763,0.95443036,0.91332342,0.9836987599999999,0.1320121464762069
baseline,24.0,ALERT_TOTAL,50,1,DEFAULT_QOS_FLOW,50,50,0.99,0.9883163,0.97147368,0.9985897600000001,0.05238264567943807,0.16,0.06,0.26,0.3703280399090206,313.8203762,108.46156799999999,572.6145898,848.4195114835534,373.38717619999994,116.77935179999999,730.6768232,1148.5622817814415,396.83,129.55,760.5,1167.1741968165188,0.029979322000000003,0.02915442,0.030634582000000004,0.0027513908943637496
baseline,24.0,DIAG_TOTAL,50,1,DEFAULT_QOS_FLOW,90,300,0.95,0.9161333460000001,0.850533352,0.9728,0.22211193551483224,0.135,0.053433339999999996,0.22693332,0.31484761494243335,117.57080680000001,49.345989200000005,194.83181380000002,264.0779102166,282.1888868,83.24136479999999,574.2162518,891.2600955563541,410.88,141.6,784.27,1175.1580215495467,0.0853182422,0.0791652482,0.09066819799999999,0.020881261290788565
baseline,24.0,EV_BACKGROUND_TOTAL,50,1,DEFAULT_QOS_FLOW,255,0,0,0.97267692,0.9353415599999999,0.99583212,0.1135006126497607,0.0,0.0,0.0,0.0,221.13803719999999,90.9560482,372.6929952,514.9217136649348,343.3880372,108.41993360000001,677.1772556000001,1055.4877805072701,411.0,143.71,777.01,1175.444558758211,23.7826898,22.863649599999995,24.400752,2.912190746054606
baseline,24.0,FAULT_TOTAL,50,1,DEFAULT_QOS_FLOW,10,10,0.9999,0.9663056600000001,0.9289883600000001,0.9920690799999999,0.11947057388850774,0.16,0.06,0.26,0.3703280399090206,248.53083320000002,102.33648599999998,418.2108844,575.9722895333385,394.2358332,127.46282640000001,760.0549564,1164.7455289751538,408.9,141.6,774.52,1173.6715601574613,0.8312539,0.7958686199999999,0.8569883800000001,0.11484945048303498
baseline,24.0,TOTAL,50,-1,AGGREGATE,0,0,0,0.9595828799999999,0.9196416399999999,0.9888339,0.12843213606758733,0.15605394,0.05881146,0.25549918,0.36124635006640893,231.4361102,93.222412,386.65657380000005,536.3635368612361,383.8209102,122.2194658,741.1232262000002,1144.0133855621918,408.53949159999996,141.2447862,764.4381752000002,1173.384532187758,0.9465516599999999,0.90373606,0.9781515199999999,0.136540856051102
baseline,24.5,ALERT_TOTAL,50,1,DEFAULT_QOS_FLOW,50,50,0.99,0.98782788,0.9715445199999999,0.99822026,0.05132674621168951,0.16,0.06,0.26,0.3703280399090206,335.448115,126.28903759999999,601.955798,873.9387792865555,395.056515,128.658855,755.1686868,1163.3057423615655,411.79,147.98,789.8,1175.3859975622076,0.029941472,0.029115033999999998,0.030602293999999995,0.0027354042475596445
baseline,24.5,DIAG_TOTAL,50,1,DEFAULT_QOS_FLOW,90,300,0.95,0.898666666,0.825299986,0.96056668,0.2473011014634652,0.13973333999999998,0.05373334,0.23123331999999996,0.3238570394815897,107.81548199999999,45.21509359999999,176.55030080000003,240.03942046250833,285.512062,90.77745200000003,564.5580568,896.6074890542694,417.23,149.78,787.97,1180.3890787121243,0.083853519,0.077061892,0.08963149899999999,0.022978018802926457
baseline,24.5,EV_BACKGROUND_TOTAL,50,1,DEFAULT_QOS_FLOW,255,0,0,0.9702276999999999,0.93449674,0.9942652000000001,0.11545044770407531,0.0,0.0,0.0,0.0,232.2518762,95.5779174,388.54920620000007,530.0660603381482,359.3746762,116.1849668,695.157045,1067.898812016689,417.28,149.77,774.13,1180.6586470772859,24.2173486,23.2466098,24.874346000000006,3.027593173310706
baseline,24.5,FAULT_TOTAL,50,1,DEFAULT_QOS_FLOW,10,10,0.9999,0.95993474,0.91828894,0.98929692,0.1274409807564094,0.20957076,0.10525454,0.32484441999999997,0.40063964769712945,249.0574184,99.248566,408.8747666000001,564.3668163646961,408.66001839999996,141.1131756,781.0659545999999,1173.8293117012,417.35,150.58,790.8,1180.7429648232471,0.82591724,0.7883421399999999,0.8550483999999998,0.1220994041396081
baseline,24.5,TOTAL,50,-1,AGGREGATE,0,0,0,0.95177808,0.90908854,0.9843987799999999,0.13815346483808857,0.19589878,0.09721778,0.30823913999999997,0.37923641336276864,231.4724064,93.8967842,382.1089424,525.0686922234555,398.50000639999996,138.301687,756.8579266,1153.3599225766925,417.008214,150.204122,779.9330379999999,1180.3616389893245,0.93971214,0.8951670599999999,0.97412802,0.1457046804213725
baseline,25.0,ALERT_TOTAL,50,1,DEFAULT_QOS_FLOW,50,50,0.99,0.9874331,0.97098062,0.9975476000000001,0.051452494004029514,0.19841038,0.1,0.31079134,0.38500263703199145,353.59470739999995,138.6755756,619.2756952000001,882.4668660579638,414.1809074,143.2064734,780.9140946,1171.3319110612383,433.59,164.62,796.85,1176.9166323881384,0.029897812,0.029074385999999997,0.030561678,0.0027341175713818115
baseline,25.0,DIAG_TOTAL,50,1,DEFAULT_QOS_FLOW,90,300,0.95,0.8901000139999999,0.8138000020000001,0.9568333340000001,0.261445980423665,0.16746668,0.0796,0.26453334,0.3331200702150184,117.2803168,59.1702902,182.9742346,230.13317047805478,303.5214168,106.38998619999998,586.556443,889.8110626825504,450.93,181.61,811.82,1176.5130716465083,0.0829099942,0.0757007364,0.0891183122,0.024489621080785583
baseline,25.0,EV_BACKGROUND_TOTAL,50,1,DEFAULT_QOS_FLOW,255,0,0,0.96770932,0.92990516,0.99285196,0.11764309224530935,0.0,0.0,0.0,0.0,250.1703732,110.862095,406.1182822000001,533.0718920667093,382.3781732,138.7924076,716.7243860000001,1073.542036698034,451.08,177.72,808.02,1176.7956431837802,24.637192799999998,23.656516399999997,25.334017999999997,3.1491634849332444
baseline,25.0,FAULT_TOTAL,50,1,DEFAULT_QOS_FLOW,10,10,0.9999,0.95670276,0.91579128,0.98721306,0.13137420276626546,0.21952712,0.11937368,0.33935395999999995,0.41755584972574555,264.278851,120.32124960000002,425.3338134,554.4695218434339,431.288451,159.3878838,794.8318517999999,1174.352184712448,450.82,174.82,822.12,1176.798723145092,0.8223130999999999,0.7836963400000001,0.8517879200000001,0.12531179942980922
baseline,25.0,TOTAL,50,-1,AGGREGATE,0,0,0,0.9478596,0.9048876200000001,0.98188232,0.14319943670964347,0.21018335999999999,0.11027842,0.32541112,0.40031782045166797,245.9592036,113.89090639999999,399.63452480000007,515.9715320137425,421.1108036,155.250319,781.5884381999999,1154.9285640063192,449.9241124,175.79370000000003,814.4915295999999,1176.6917315222934,0.93512098,0.8883302999999999,0.9710822799999999,0.15012390614864152
baseline,25.5,ALERT_TOTAL,50,1,DEFAULT_QOS_FLOW,50,50,0.99,0.98487476,0.9666088199999998,0.99657846,0.055390025003977245,0.22,0.12,0.34,0.4184519575964803,365.97802,151.474582,625.9995051999999,868.6245949235032,433.05661999999995,161.24521479999999,786.3017206,1173.4996166895871,457.51,180.96,822.52,1177.8050982177633,0.029790804,0.028919565999999997,0.030489188,0.0028498694464161554
baseline,25.5,DIAG_TOTAL,50,1,DEFAULT_QOS_FLOW,90,300,0.95,0.8795333399999999,0.7960666800000001,0.95319998,0.2820376492325029,0.17826664,0.08916668,0.27809998,0.3448062233695882,130.408369,68.066174,200.628245,243.91763771284948,322.209589,121.5757864,609.2688512,909.2981570690906,497.72,215.23,864.24,1196.5390584804943,0.08192530060000001,0.0743599252,0.08869188399999998,0.026226887798764795
baseline,25.5,EV_BACKGROUND_TOTAL,50,1,DEFAULT_QOS_FLOW,255,0,0,0.96528976,0.92766832,0.99146076,0.12006130955432899,0.0,0.0,0.0,0.0,272.9986178,135.44190120000002,432.07579619999996,540.7812590090894,410.2100178,160.3821698,749.3735725999999,1080.4403016385859,497.87,216.95,864.0,1196.8028308449004,25.045515599999998,23.9953752,25.77505,3.2759037755554745
baseline,25.5,FAULT_TOTAL,50,1,DEFAULT_QOS_FLOW,10,10,0.9999,0.95393586,0.91375516,0.98494806,0.1328507585398467,0.22,0.12,0.34,0.4184519575964803,287.9865248,140.92717040000002,452.8084098,562.5811776176519,458.5787248,179.4682924,825.7372429999999,1178.0420717664083,491.99,212.91,854.71,1192.7062061906588,0.8188595200000001,0.7796709600000001,0.8487533599999998,0.12699947554210206
baseline,25.5,TOTAL,50,-1,AGGREGATE,0,0,0,0.94387438,0.8986320999999999,0.9791185,0.14757902432531472,0.21341917999999999,0.11511157999999998,0.32963178,0.4060546261165367,267.3941004,127.4258544,417.14883119999996,522.1203542151336,448.29190040000003,176.93243900000002,806.6275440000001,1159.921803832757,491.0542372,213.10390799999996,853.7164784000001,1192.0870674654566,0.9305755600000001,0.8856748000000002,0.9681460799999999,0.15347789998472358
baseline,26.0,ALERT_TOTAL,50,1,DEFAULT_QOS_FLOW,50,50,0.99,0.98266774,0.9630202,0.9959021200000001,0.0628717847777133,0.26907962,0.15709388000000002,0.38881459999999995,0.42584016320684964,395.5119584,186.9501724,648.4018044,837.8486760209195,472.08035839999997,201.10665219999998,825.8157623999998,1176.8855778924142,515.66,232.32,877.27,1190.6609324322387,0.029645380000000002,0.028743131999999994,0.030366122000000006,0.0030047924953314166
baseline,26.0,DIAG_TOTAL,50,1,DEFAULT_QOS_FLOW,90,300,0.95,0.8547333260000001,0.7691667059999999,0.93173332,0.2970782560738039,0.21703336,0.1224667,0.31903338000000003,0.3573646111907854,138.2127022,78.3706976,203.0618732,229.11890075889977,340.1346022,142.76881640000002,624.0869098,901.6474978006677,548.62,265.59,920.91,1199.7785714498339,0.0795949982,0.071622128,0.08674976000000001,0.02774337739717205
baseline,26.0,EV_BACKGROUND_TOTAL,50,1,DEFAULT_QOS_FLOW,255,0,0,0.96210022,0.9226597599999999,0.9893733000000001,0.1223474951785316,0.0,0.0,0.0,0.0,308.90905039999996,166.855239,465.32552499999997,553.7345408106822,451.8038504,200.6449322,782.4339890000001,1088.3081110469107,548.77,266.21,909.79,1200.0682589429857,25.4377666,24.3920598,26.207446,3.40491971984573
baseline,26.0,FAULT_TOTAL,50,1,DEFAULT_QOS_FLOW,10,10,0.9999,0.95025084,0.90863766,0.98200952,0.13605491051362986,0.29927314,0.17950004,0.43868556,0.4617939535421421,332.7956646,177.92086779999997,497.6399682,581.97066823067,510.8446646,235.21270279999996,877.7298727999998,1186.9327710460975,548.94,261.41,911.18,1200.1316589764438,0.81433414,0.7754578200000001,0.8445599800000001,0.1295548464467352
baseline,26.0,TOTAL,50,-1,AGGREGATE,0,0,0,0.93693978,0.8915282000000001,0.9743122200000001,0.15188759015520226,0.28469382,0.16985568,0.4080016800000001,0.44007854846637673,305.5569096,165.73559880000005,459.09479559999994,534.5726156863767,496.9669096,225.916868,864.5124949999997,1167.1794973825013,547.070234,259.596034,914.094994,1199.4029812315653,0.92357446,0.87713612,0.9619322800000001,0.157276001569866
baseline,26.5,ALERT_TOTAL,50,1,DEFAULT_QOS_FLOW,50,50,0.99,0.98257798,0.96477152,0.99467604,0.05517732780900548,0.28691822,0.17014926000000002,0.4136203,0.4445295528521705,439.8291218,220.18678260000002,701.6943084,891.6571037568596,509.70472179999996,230.94876499999998,868.69511,1185.853179763721,555.9,267.38,926.71,1199.7536662556518,0.029581416,0.028741864000000002,0.030291302,0.0028599721253358325
baseline,26.5,DIAG_TOTAL,50,1,DEFAULT_QOS_FLOW,90,300,0.95,0.84366668,0.75386672,0.92313334,0.30761791687100865,0.23706664,0.13829998,0.34153332,0.37491001759305237,161.547238,96.2410886,232.5623422,248.40278043340726,378.37075799999997,171.4994578,677.3340018,924.0043518984895,600.9,304.75,959.23,1209.0187548130905,0.0784991362,0.0699121044,0.085934846,0.028662210921536826
baseline,26.5,EV_BACKGROUND_TOTAL,50,1,DEFAULT_QOS_FLOW,255,0,0,0.95877204,0.9202153799999999,0.9868473600000002,0.12482534342750388,0.0,0.0,0.0,0.0,339.8182974,194.17223099999998,500.0541392,562.5385547521879,488.8150974,231.51882980000002,829.9896048,1094.7092067557512,601.05,313.6,975.03,1209.317892576688,25.811128800000002,24.6872156,26.615514000000005,3.537348428563948
baseline,26.5,FAULT_TOTAL,50,1,DEFAULT_QOS_FLOW,10,10,0.9999,0.9458233199999999,0.9018794199999999,0.9782086600000001,0.138929164901331,0.3,0.18,0.44,0.4629100498862757,365.39218800000003,209.3197466,538.8625543999999,593.6516293723367,551.432988,269.6838638,916.2122752,1194.2800343525737,596.08,307.96,955.65,1207.167052208921,0.80936642,0.7701326800000001,0.84057602,0.13214941330409272
baseline,26.5,TOTAL,50,-1,AGGREGATE,0,0,0,0.9317006999999999,0.88619972,0.9697619800000001,0.1553557473577062,0.28937506,0.17293661999999999,0.42026798,0.4467690049551202,337.34853239999995,194.24584019999998,493.7232170000001,547.6043061633974,537.2949324,261.45128579999994,900.4902743999999,1174.9728695607882,594.7277176,302.8352176,962.1269162,1206.674650963744,0.9174469000000001,0.8690139600000001,0.9568219,0.16049093961421965
baseline,27.0,ALERT_TOTAL,50,1,DEFAULT_QOS_FLOW,50,50,0.99,0.9795668000000001,0.9602953,0.9935349000000001,0.061533020149297714,0.6922234,0.6382572999999999,0.75189124,0.20412752281435873,527.6299300000001,310.937996,784.88258,849.6988153707354,606.86733,331.6708719999999,958.6290740000003,1171.6047028694338,721.98,446.99,1072.51,1155.1081767964597,0.029234239999999998,0.028342912,0.029954368000000002,0.002939511441011369
baseline,27.0,DIAG_TOTAL,50,1,DEFAULT_QOS_FLOW,90,300,0.95,0.8068667,0.7150666800000002,0.8905000599999999,0.3230127485813076,0.322000018,0.23360001200000002,0.41660000799999997,0.3417553224636834,243.84326000000001,196.37946,295.55026000000004,179.89494146111605,472.78706,280.25134,747.06396,868.2190312519872,850.65,589.02,1192.94,1114.1590770529997,0.07588468920000001,0.067257282,0.08360364799999999,0.029750705415127032
baseline,27.0,EV_BACKGROUND_TOTAL,50,1,DEFAULT_QOS_FLOW,255,0,0,0.9547635200000001,0.9157690600000001,0.98377194,0.1272370674679613,0.0,0.0,0.0,0.0,463.74754,323.69611999999995,608.54772,527.5238259370602,619.52672,370.18288,947.0405599999999,1065.1128856570533,857.07,590.46,1193.94,1117.9751364472672,26.1305164,24.9875268,26.98107999999999,3.6602496250630954
baseline,27.0,FAULT_TOTAL,50,1,DEFAULT_QOS_FLOW,10,10,0.9999,0.9398004799999999,0.89634212,0.97341558,0.14002549846589385,0.99073644,0.98909212,0.99249414,0.006207564201251001,529.36842,384.7283,686.1405,547.4935920065254,723.77242,451.2581600000001,1078.40626,1150.165126375199,860.51,595.46,1201.94,1116.3514973852482,0.7966738,0.75745488,0.8282791,0.1307474088605778
baseline,27.0,TOTAL,50,-1,AGGREGATE,0,0,0,0.92098046,0.87484494,0.9602263600000001,0.1584024435366321,0.8693552,0.8509435999999999,0.8888625,0.06945493620605922,484.37345999999997,352.48128,621.96116,500.260217560748,697.50886,429.7027200000001,1043.22444,1134.797169612046,851.7366400000001,590.8940600000001,1190.40528,1118.0214681580658,0.9017927400000001,0.8545148200000001,0.9419753799999999,0.16011149053589158
baseline,27.5,ALERT_TOTAL,50,1,DEFAULT_QOS_FLOW,50,50,0.99,0.9770711799999999,0.95791708,0.9905116599999999,0.06082974413641432,0.7722724599999999,0.73185846,0.81437984,0.15147017067466667,636.50056,424.16852,878.16102,831.4641380480374,718.5853599999999,445.9782400000001,1085.4602999999997,1150.6416383154467,927.93,676.43,1258.68,1083.8425866577957,0.028850387999999998,0.027993102,0.029555072000000005,0.002833348496516128
baseline,27.5,DIAG_TOTAL,50,1,DEFAULT_QOS_FLOW,90,300,0.95,0.78919998,0.69503328,0.8789999800000001,0.33677095524094347,0.61156674,0.56680004,0.65973344,0.17128446950468817,411.62742,392.77395999999993,434.5355399999999,76.13067271879264,659.27452,486.44295999999997,918.9009800000001,813.958440462818,1246.02,1041.82,1550.13,942.5790077316205,0.0732650552,0.06467243760000001,0.0812991832,0.0304364961808672
baseline,27.5,EV_BACKGROUND_TOTAL,50,1,DEFAULT_QOS_FLOW,255,0,0,0.95030714,0.9095916399999999,0.97972678,0.12968796167709473,0.0,0.0,0.0,0.0,646.3354,534.07164,768.5155199999999,429.4773651744451,809.6677999999999,582.35822,1121.00356,996.3984156468899,1248.0,1044.95,1546.25,943.4428010629744,26.256988200000002,25.0971908,27.127544000000004,3.7064374952873824
baseline,27.5,FAULT_TOTAL,50,1,DEFAULT_QOS_FLOW,10,10,0.9999,0.93228084,0.88821074,0.96738838,0.14423913292499185,0.9966806800000001,0.9960912000000001,0.99732476,0.0022288510853837496,726.96742,615.04362,846.56044,428.25408254975724,935.5938199999999,688.8096,1264.5815400000001,1069.3975604676068,1221.59,1010.39,1518.21,954.1133636063614,0.77998212,0.74053772,0.81139238,0.1293876548648049
baseline,27.5,TOTAL,50,-1,AGGREGATE,0,0,0,0.91212908,0.86458628,0.9524237799999998,0.16370514301519706,0.92398872,0.91430036,0.9343394799999999,0.03669188018390722,672.55716,568.97134,783.3301200000002,387.94257667894664,901.07156,653.0526800000001,1222.10398,1059.0719162697844,1209.95708,995.89736,1511.9433600000002,958.6750393439776,0.8820975,0.8356446200000001,0.92213972,0.15891281259825388
baseline,28.0,ALERT_TOTAL,50,1,DEFAULT_QOS_FLOW,50,50,0.99,0.9742202,0.9548922799999999,0.9883719999999999,0.06178709416262611,1.0,1.0,1.0,0.0,949.3315200000001,784.3577600000001,1151.5473200000001,674.8703971555028,1036.1959200000001,805.4302200000001,1359.7642600000001,1021.8026622145434,1338.17,1149.86,1630.3,909.0309168312715,0.028164932,0.027379390000000003,0.028806916000000005,0.0026102398119118857
baseline,28.0,DIAG_TOTAL,50,1,DEFAULT_QOS_FLOW,90,300,0.95,0.65763334,0.5764334200000001,0.73193336,0.276886039674294,0.72609994,0.6984665800000001,0.7552999200000001,0.10406238294984604,579.72004,556.9577800000001,602.8392,83.07508666530144,883.6269199999999,737.3258199999999,1118.7929000000001,765.259997736366,1668.1,1522.6,1916.78,807.4173000552883,0.060567833200000004,0.053459776,0.06699021599999999,0.024687118243766154
baseline,28.0,EV_BACKGROUND_TOTAL,50,1,DEFAULT_QOS_FLOW,255,0,0,0.9413650199999999,0.9007566199999999,0.9715033399999998,0.13050796242273605,0.0,0.0,0.0,0.0,956.2136,894.53288,1022.02928,235.9579813799439,1130.9144800000001,943.3029599999999,1412.3418,873.9391408286132,1669.01,1524.29,1920.17,807.5223964797054,26.285374,25.147378000000003,27.151021999999994,3.715922849796095
baseline,28.0,FAULT_TOTAL,50,1,DEFAULT_QOS_FLOW,10,10,0.9999,0.9193683199999999,0.8753297799999998,0.95481048,0.14344861863590241,1.0,1.0,1.0,0.0,1118.6684,1074.755,1164.4532,166.8199775923686,1344.41,1154.2108,1630.1528000000003,905.077198378398,1669.12,1523.68,1921.85,807.5956556094044,0.7581526,0.72054334,0.7881145400000001,0.12325864444942677
baseline,28.0,TOTAL,50,-1,AGGREGATE,0,0,0,0.8810364800000001,0.83705192,0.91975492,0.15490693478201942,0.95678984,0.9523665,0.96143606,0.01641635622072432,1024.79054,982.7595200000001,1069.2277800000002,157.1203122583832,1282.1069400000001,1089.8910600000002,1571.2145,907.5423102365456,1650.806,1502.3668,1902.5454,811.9750815971472,0.84688536,0.8029948400000001,0.8838046800000001,0.14716585740055058
baseline,28.5,ALERT_TOTAL,50,1,DEFAULT_QOS_FLOW,50,50,0.99,0.9729935399999999,0.9551531400000001,0.9863206,0.05802159910747172,1.0,1.0,1.0,0.0,1264.5422,1139.0076,1439.5242,553.3342323358037,1349.8108,1160.782,1639.1596,902.3508417548428,1668.91,1521.85,1923.61,807.6180424241275,0.027722906,0.027011814,0.02828975,0.002378014108316227
baseline,28.5,DIAG_TOTAL,50,1,DEFAULT_QOS_FLOW,90,300,0.95,0.50893332,0.45120009600000005,0.56153336,0.19944102354149404,0.8266667200000001,0.81520002,0.8391334399999999,0.04286248088520175,557.57214,536.8368800000001,577.19152,72.94451257928165,943.6531200000001,808.8343,1171.35952,721.7975536413788,1668.43,1522.69,1920.24,807.3381164578533,0.0471433136,0.042037006200000004,0.051814175999999997,0.01786783157828944
baseline,28.5,EV_BACKGROUND_TOTAL,50,1,DEFAULT_QOS_FLOW,255,0,0,0.92578674,0.88643456,0.9556526399999999,0.1285430040868258,0.0,0.0,0.0,0.0,1088.4711,1048.7203200000001,1131.34784,150.61609779404085,1283.2132000000001,1115.1129999999998,1550.5514,825.4088758453262,1669.4,1523.87,1917.78,807.4335143539937,26.3112226,25.1554624,27.181685999999996,3.7264570882102874
baseline,28.5,FAULT_TOTAL,50,1,DEFAULT_QOS_FLOW,10,10,0.9999,0.8884108000000001,0.84773876,0.9206534000000002,0.13269181050333537,1.0,1.0,1.0,0.0,1286.6254,1272.8022,1303.9036,57.190026646224936,1555.4406,1395.9415999999997,1815.2362000000003,837.0249505739397,1669.48,1523.86,1924.46,807.4400603899022,0.7325546199999999,0.69753514,0.7600768000000001,0.11459031677719347
baseline,28.5,TOTAL,50,-1,AGGREGATE,0,0,0,0.8330887199999999,0.7930790000000001,0.8667585600000001,0.13530362008144678,0.97265496,0.9708962800000001,0.97457402,0.006759713781406024,1170.5976,1154.3876,1194.181,73.56350202958762,1488.9678,1325.5142,1757.2318,840.5743813905841,1669.3778,1524.1386000000002,1916.7806000000003,807.4532502605248,0.8074207800000001,0.7677457799999999,0.8405797199999999,0.13216005794108684
baseline,29.0,ALERT_TOTAL,50,1,DEFAULT_QOS_FLOW,50,50,0.99,0.96248566,0.9452049200000002,0.9756921599999998,0.05597833880832106,1.0,1.0,1.0,0.0,1433.5191999999997,1332.9212,1588.3606,494.379317672376,1532.5744,1369.3846000000005,1801.7426,843.5911292296398,1669.34,1523.99,1915.07,807.5189622465562,0.027421734,0.026724790000000002,0.027977601999999994,0.0023012495772026793
baseline,29.0,DIAG_TOTAL,50,1,DEFAULT_QOS_FLOW,90,300,0.95,0.411600034,0.370166714,0.45163334,0.1475828909643131,0.8566334600000001,0.8499668200000001,0.86423344,0.026198037602321526,533.25578,514.8974000000001,552.55942,67.80611723872286,992.2138,856.5706000000001,1223.83508,734.9177220360197,1669.17,1523.22,1928.65,807.20890602073,0.038066533,0.03428448,0.041458091999999995,0.013076868925341894
baseline,29.0,EV_BACKGROUND_TOTAL,50,1,DEFAULT_QOS_FLOW,255,0,0,0.91058454,0.87103442,0.9400953200000002,0.126572831197196,0.0,0.0,0.0,0.0,1154.9272,1127.698,1184.3496000000002,103.59069381494277,1371.4948000000002,1213.0392,1628.6272,800.4728687424805,1669.41,1524.02,1920.37,807.4354238411079,26.333712000000002,25.196756,27.203647999999994,3.732225264579745
baseline,29.0,FAULT_TOTAL,50,1,DEFAULT_QOS_FLOW,10,10,0.9999,0.8575630200000001,0.8198116,0.8867771600000001,0.12277995896683445,1.0,1.0,1.0,0.0,1322.6742000000002,1315.7838000000002,1332.0014,30.562214238219987,1641.8862,1491.9792000000002,1903.2009999999998,813.8767954794872,1669.47,1523.48,1923.84,807.4416334501036,0.70711202,0.6750270400000001,0.73265028,0.10625354849920571
baseline,29.0,TOTAL,50,-1,AGGREGATE,0,0,0,0.79283264,0.7570219,0.8223138600000002,0.11943061046751484,0.9773825599999999,0.9763072399999999,0.97858542,0.004129702742477297,1204.2012,1193.3956,1221.7308000000003,55.081296934622,1584.0482000000002,1431.3142,1837.7578,814.1602089462415,1669.4488000000001,1523.8401999999999,1921.7282,807.4385566833793,0.77260032,0.73680784,0.80179866,0.1192903474315692
baseline,29.5,ALERT_TOTAL,50,1,DEFAULT_QOS_FLOW,50,50,0.99,0.9565804400000001,0.9406976399999999,0.9690536200000001,0.05146870821293819,1.0,1.0,1.0,0.0,1520.9607999999998,1425.2607999999998,1681.0185999999999,509.3840825932304,1625.0794,1474.3568000000002,1883.1798000000001,818.0619882839825,1669.46,1524.2,1927.22,807.5679859546041,0.027256908000000003,0.026591838,0.027812155999999998,0.0022311855073251885
baseline,29.5,DIAG_TOTAL,50,1,DEFAULT_QOS_FLOW,90,300,0.95,0.35429995400000003,0.32126661399999995,0.385699914,0.11827413088416147,0.8723999600000001,0.8674665999999999,0.8776000199999998,0.018559803836445763,524.41764,506.8524599999999,544.98056,68.78210226082636,1046.95144,913.9582800000001,1276.2047400000001,736.0295600469209,1669.25,1522.2,1922.52,807.1900491892873,0.032841638400000005,0.029868783,0.0356231694,0.010604574631836452
baseline,29.5,EV_BACKGROUND_TOTAL,50,1,DEFAULT_QOS_FLOW,255,0,0,0.8956901399999999,0.85706082,0.9248585,0.1245821460327396,0.0,0.0,0.0,0.0,1190.4136,1171.0876,1212.0494,74.05009541974589,1429.411,1276.1868000000002,1687.1789999999999,785.4095570146825,1669.44,1523.9,1927.66,807.441151517103,26.3492506,25.1761938,27.222852000000003,3.738340902519
baseline,29.5,FAULT_TOTAL,50,1,DEFAULT_QOS_FLOW,10,10,0.9999,0.83281154,0.7966187599999999,0.8601773199999999,0.11642875762442781,1.0,1.0,1.0,0.0,1308.4646,1302.1112,1316.0306,25.49451523327307,1668.2124,1522.9612,1917.3740000000003,807.5069282107789,1669.53,1522.86,1928.71,807.4298930835407,0.6866838799999999,0.6547238200000001,0.7104962000000001,0.10083401850113555
baseline,29.5,TOTAL,50,-1,AGGREGATE,0,0,0,0.76395726,0.7309301,0.7906019800000001,0.10979450979319019,0.9798689,0.97911588,0.9807246399999999,0.0029314758367813072,1196.2734,1185.4524000000001,1213.0986,52.65560945019464,1621.3136,1472.4720000000002,1865.3724,804.9243159903233,1669.5158,1523.8211999999999,1921.0246,807.4381608521901,0.74678236,0.71274964,0.7733661799999999,0.11144357793818213
baseline,30.0,ALERT_TOTAL,50,1,DEFAULT_QOS_FLOW,50,50,0.99,0.94587012,0.92617584,0.95958052,0.06329783610275654,1.0,1.0,1.0,0.0,1529.4289999999999,1454.0486,1648.7159999999997,375.3217084226082,1664.0732,1518.2010000000002,1916.2402000000002,808.4409672804231,1669.48,1524.53,1921.22,807.485099439195,0.026964796,0.026202857999999996,0.027556924000000003,0.002475972761377983
baseline,30.0,DIAG_TOTAL,50,1,DEFAULT_QOS_FLOW,90,300,0.95,0.3145,0.2858,0.34089998,0.10021591429773323,0.8848665800000001,0.8816665400000001,0.8885665999999999,0.012366491520810803,518.6516399999999,497.90352,544.3127000000001,84.84925353603799,1091.5396,959.77162,1320.3692999999998,754.5712284511825,1669.42,1523.73,1913.68,807.1507370664657,0.0292233452,0.026670295000000004,0.031623227999999996,0.009084724131255347
baseline,30.0,EV_BACKGROUND_TOTAL,50,1,DEFAULT_QOS_FLOW,255,0,0,0.88119918,0.8434482799999999,0.91004986,0.1226042800525815,0.0,0.0,0.0,0.0,1207.6354,1193.3044000000002,1223.03,54.90561070210793,1468.9470000000001,1322.6028,1713.7132000000001,775.8154845781465,1669.44,1523.87,1921.5,807.441151517103,26.363149800000002,25.228039399999997,27.232818,3.740029694000036
baseline,30.0,FAULT_TOTAL,50,1,DEFAULT_QOS_FLOW,10,10,0.9999,0.81072564,0.7762150200000001,0.8371823399999999,0.11235577433400691,1.0,1.0,1.0,0.0,1274.4774,1268.5498,1281.3385999999998,23.402305207402293,1668.6756,1522.9974,1915.3375999999998,807.3942418345526,1669.72,1523.5,1919.91,807.3890990376932,0.66849098,0.63760976,0.69084998,0.09731505945407735
baseline,30.0,TOTAL,50,-1,AGGREGATE,0,0,0,0.73968002,0.7082329799999999,0.7646172400000001,0.10422293307518989,0.98183632,0.9813347400000001,0.9824091199999999,0.00194894555939087,1168.9658,1158.9756,1183.7024,46.534169981611925,1630.7907999999998,1484.0342,1880.5164000000002,802.3814840271123,1669.693,1523.4798,1926.2504,807.3809289661003,0.72467916,0.69231772,0.75003854,0.10659442625133562
baseline,31.0,ALERT_TOTAL,50,1,DEFAULT_QOS_FLOW,50,50,0.99,0.93732502,0.9187426,0.9507922999999999,0.05901153529624526,1.0,1.0,1.0,0.0,1523.8516,1446.3172,1660.4669999999999,405.8906707696001,1668.5344,1522.5658,1919.2302000000002,807.377747116818,1669.55,1523.32,1917.57,807.4727644361278,0.026712026,0.026009441999999997,0.027264443999999995,0.0023077895925746605
baseline,31.0,DIAG_TOTAL,50,1,DEFAULT_QOS_FLOW,90,300,0.95,0.23816676,0.22073343999999998,0.25386669999999995,0.0607840694018035,0.89453328,0.89223334,0.8969999400000002,0.008715927196781294,470.93195999999995,459.22734000000014,486.39634000000007,50.92527903922429,1110.0937,981.98,1330.89736,712.431212546173,1669.46,1524.27,1922.01,807.1421181412546,0.0223422344,0.0207208476,0.023791322800000004,0.005655622316310706
baseline,31.0,EV_BACKGROUND_TOTAL,50,1,DEFAULT_QOS_FLOW,255,0,0,0.85330428,0.8177301600000001,0.8811642,0.11882419650879537,0.0,0.0,0.0,0.0,1210.4046,1201.395,1220.2626000000002,34.29833388051951,1514.9794,1371.6811999999998,1755.6034,765.506273151518,1669.44,1523.75,1918.04,807.441151517103,26.379098399999997,25.2023276,27.246730000000003,3.7452167122776645
baseline,31.0,FAULT_TOTAL,50,1,DEFAULT_QOS_FLOW,10,10,0.9999,0.78825698,0.7562123,0.81273342,0.10510600814969075,1.0,1.0,1.0,0.0,1242.1696000000002,1232.9346,1254.8042,40.90449947606932,1668.6988000000001,1523.5682000000002,1926.8557999999998,807.3934317791812,1669.87,1524.04,1923.3,807.4250553456958,0.6499041200000001,0.62251828,0.6719142599999999,0.09151275749463034
baseline,31.0,TOTAL,50,-1,AGGREGATE,0,0,0,0.7094444799999999,0.6800892999999999,0.7320854599999999,0.09377899328854986,0.9833619,0.98301098,0.9837549400000001,0.0013642541843776213,1135.6336000000001,1123.7398,1154.706,59.49848541238127,1639.5274,1494.1164,1891.3382000000001,801.4070865640899,1669.8306,1524.3862000000001,1919.4561999999999,807.4105655064648,0.6989583399999999,0.66823974,0.7218790600000001,0.09810296100185266
baseline,32.0,ALERT_TOTAL,50,1,DEFAULT_QOS_FLOW,50,50,0.99,0.93577836,0.9199780199999998,0.9470272,0.04953702848633041,1.0,1.0,1.0,0.0,1528.7822,1440.4386000000002,1673.0407999999998,464.21637055470103,1668.5510000000002,1522.2698,1925.2082,807.3774248946968,1669.61,1524.86,1921.08,807.4604308242843,0.026666702,0.026024578,0.027186850000000002,0.0021301907615535664
baseline,32.0,DIAG_TOTAL,50,1,DEFAULT_QOS_FLOW,90,300,0.95,0.210000046,0.19533336599999998,0.22340012,0.05001702927754404,0.89896668,0.8972,0.90086676,0.006725074485407996,462.85096,451.9729,477.39308000000005,46.73503735234303,1159.4837,1033.7095199999999,1368.5473800000002,697.0146666106365,1669.48,1523.74,1919.65,807.1373970106089,0.0198391868,0.0185022462,0.021116281599999998,0.004842629009216361
baseline,32.0,EV_BACKGROUND_TOTAL,50,1,DEFAULT_QOS_FLOW,255,0,0,0.8269329000000001,0.7908551,0.8544332999999998,0.11518033798906613,0.0,0.0,0.0,0.0,1195.4184,1189.2712,1202.4202,23.968967552880123,1541.0372,1400.1152000000002,1782.5996,760.282905350048,1669.44,1523.83,1931.39,807.441151517103,26.388529600000002,25.247318800000006,27.265286,3.7474749747883767
baseline,32.0,FAULT_TOTAL,50,1,DEFAULT_QOS_FLOW,10,10,0.9999,0.77242948,0.74101456,0.79635188,0.10199049512641972,1.0,1.0,1.0,0.0,1217.6512,1208.5444,1229.9432,40.18243517371485,1668.7089999999998,1524.1270000000002,1923.677,807.3946520659483,1669.87,1523.88,1928.79,807.4234377048402,0.6368497200000001,0.6095483199999999,0.6575664,0.08881253863169161
baseline,32.0,TOTAL,50,-1,AGGREGATE,0,0,0,0.6924387,0.66511744,0.71319148,0.08923526969695197,0.98406074,0.9837898799999999,0.98436424,0.0010571821191550825,1115.3024,1103.0602000000001,1134.5202,61.35967999277967,1644.6570000000002,1500.3796000000002,1898.9987999999998,800.6777476645033,1669.8354000000002,1523.3728,1921.4644,807.4093621418608,0.68335574,0.65403818,0.7051715199999999,0.09431533001473388
baseline,33.0,ALERT_TOTAL,50,1,DEFAULT_QOS_FLOW,50,50,0.99,0.9266673799999999,0.9106565000000001,0.93873598,0.05174690700404524,1.0,1.0,1.0,0.0,1512.8157999999999,1427.0020000000002,1654.3892,446.9954257360346,1668.5810000000001,1523.6156,1922.147,807.3535286663457,1669.63,1524.03,1918.46,807.4555182036661,0.02641006,0.025764109999999996,0.026937764,0.0021528083562582876
baseline,33.0,DIAG_TOTAL,50,1,DEFAULT_QOS_FLOW,90,300,0.95,0.161766606,0.153033228,0.169866586,0.031101107135522832,0.9004333200000001,0.8989666199999999,0.90209996,0.005868965080829833,422.35,410.95300000000003,438.1058400000001,51.185726579879706,1123.38528,989.1901999999999,1338.6885399999999,711.6163186365518,1669.54,1523.62,1922.79,807.1295769451098,0.0153478666,0.0144061188,0.0163383024,0.0035119631566367434
baseline,33.0,EV_BACKGROUND_TOTAL,50,1,DEFAULT_QOS_FLOW,255,0,0,0.8023810400000001,0.7683000399999999,0.82850386,0.111792635330605,0.0,0.0,0.0,0.0,1174.0126,1169.3205999999998,1179.328,17.873613068499854,1557.974,1417.273,1795.0778000000003,757.2148319132344,1669.44,1522.66,1920.46,807.441151517103,26.4051592,25.222283200000003,27.275974,3.750857616137691
baseline,33.0,FAULT_TOTAL,50,1,DEFAULT_QOS_FLOW,10,10,0.9999,0.74330646,0.7132629199999999,0.7659524999999999,0.0977843259302902,1.0,1.0,1.0,0.0,1172.3584,1163.2756,1184.4525999999998,40.13972750179512,1668.7476000000001,1522.0611999999996,1919.6742,807.3819090943875,1669.86,1524.53,1920.4,807.3544304879806,0.6128604999999999,0.5857285,0.6327387,0.08521772536663523
baseline,33.0,TOTAL,50,-1,AGGREGATE,0,0,0,0.66136684,0.63592126,0.68048018,0.08307405035743835,0.98429168,0.9840597399999998,0.98456142,0.0009288123520421798,1072.3254000000002,1059.7884000000001,1091.6717999999998,61.74951078745316,1647.5610000000001,1502.2087999999997,1904.8806,800.13216571338,1669.8316,1524.7864,1918.0236000000002,807.3565583177066,0.65461838,0.6271608999999999,0.6752893,0.08901749859205968
baseline,34.0,ALERT_TOTAL,50,1,DEFAULT_QOS_FLOW,50,50,0.99,0.9106807600000001,0.89400682,0.9234718799999999,0.05476185186063863,1.0,1.0,1.0,0.0,1485.2695999999999,1404.3908,1623.5457999999999,421.24410509511915,1668.6036,1522.8775999999998,1919.9186000000002,807.3704631874961,1669.7,1524.0,1919.93,807.5188520576912,0.025951688,0.025284672000000005,0.026469035999999998,0.002215665555201444
baseline,34.0,DIAG_TOTAL,50,1,DEFAULT_QOS_FLOW,90,300,0.95,0.147433292,0.13959999799999998,0.155166632,0.028292703102663148,0.90350014,0.9021668400000001,0.90500006,0.0051972845304258585,418.48807999999997,404.66913999999997,439.48515999999995,64.43565585910855,1154.21104,1016.8072999999999,1386.32204,736.9507487272341,1669.41,1524.05,1924.78,807.1507549550392,0.0140004184,0.0130588492,0.0151046004,0.0036779220268362382
baseline,34.0,EV_BACKGROUND_TOTAL,50,1,DEFAULT_QOS_FLOW,255,0,0,0.77907486,0.7454258199999999,0.8046155,0.10857608070409262,0.0,0.0,0.0,0.0,1149.4696,1145.9682,1153.5564,13.91365985098744,1569.8538,1431.1273999999999,1812.6206,755.205313070126,1669.75,1524.23,1928.17,807.3740313699792,26.414989799999997,25.251929399999995,27.305848,3.7532450621494116
baseline,34.0,FAULT_TOTAL,50,1,DEFAULT_QOS_FLOW,10,10,0.9999,0.72355774,0.69431798,0.74513936,0.0934269840782171,1.0,1.0,1.0,0.0,1142.6204,1131.8624,1157.8984,47.95985544734901,1668.7680000000003,1523.1765999999998,1914.7887999999998,807.3837614221401,1669.89,1523.05,1921.42,807.4232258947508,0.59654598,0.57157548,0.6155828200000001,0.08158267069728492
baseline,34.0,TOTAL,50,-1,AGGREGATE,0,0,0,0.64267224,0.61878886,0.6611211999999999,0.0788927746412451,0.9847756,0.9845631799999999,0.9850098799999999,0.0008223705406460389,1046.7806,1032.6760000000002,1069.3718,68.49525556070675,1649.9138,1504.7390000000003,1895.7328,800.1332696951305,1669.8566,1524.7284,1919.4672,807.4174843936255,0.63649806,0.61097732,0.65595416,0.0849800181820457
baseline,35.0,ALERT_TOTAL,50,1,DEFAULT_QOS_FLOW,50,50,0.99,0.9054411,0.88901376,0.91735066,0.0524989086367614,1.0,1.0,1.0,0.0,1477.6974,1395.7598,1611.4302000000002,419.9447542665097,1668.6218,1522.881,1924.1268000000002,807.3587439240201,1669.74,1524.27,1923.89,807.4373640331086,0.025807562000000003,0.025176634,0.026335188,0.0021604408389795386
baseline,35.0,DIAG_TOTAL,50,1,DEFAULT_QOS_FLOW,90,300,0.95,0.138200032,0.13060003600000003,0.14606672400000004,0.02795136470419128,0.9059332000000001,0.9048332000000001,0.9071665200000002,0.004287806903396664,416.26534,401.80974000000003,437.46646,67.24760645876596,1183.45892,1049.55354,1418.44492,738.1400151842727,1669.51,1523.62,1925.41,807.1287055649419,0.013032469,0.012197837000000003,0.0139640414,0.0032473729952172616
baseline,35.0,EV_BACKGROUND_TOTAL,50,1,DEFAULT_QOS_FLOW,255,0,0,0.75706182,0.72585486,0.78172784,0.10552531413056629,0.0,0.0,0.0,0.0,1123.8812,1121.0206,1127.0168,11.210172064437083,1578.6904000000002,1440.3598000000002,1819.7878,753.8479326678504,1669.8,1524.56,1921.18,807.3622284062728,26.4230898,25.2618852,27.301332000000002,3.756461898727279
baseline,35.0,FAULT_TOTAL,50,1,DEFAULT_QOS_FLOW,10,10,0.9999,0.70531816,0.67754068,0.7263911599999999,0.08988681026358446,1.0,1.0,1.0,0.0,1114.9804000000001,1102.8946000000003,1131.5812,53.43227569129936,1668.7823999999998,1523.1919999999998,1910.0922000000003,807.3816590773725,1669.89,1524.29,1924.33,807.4329822445492,0.58149804,0.5573192,0.5999249,0.07868419341770165
baseline,35.0,TOTAL,50,-1,AGGREGATE,0,0,0,0.6265463,0.60286876,0.6442595,0.07554667845431454,0.98515946,0.98498036,0.98535768,0.000679205965275124,1024.21784,1009.3714600000001,1047.9350000000002,73.27144277813973,1651.7064,1505.4672,1902.5852000000002,800.197201518093,1669.8627999999999,1524.1908,1921.9719999999998,807.4133649842968,0.62033812,0.59564876,0.6392454200000001,0.08176745256447253
baseline,40.0,ALERT_TOTAL,50,1,DEFAULT_QOS_FLOW,50,50,0.99,0.8812357,0.8658076,0.8927231199999999,0.0484986871618023,1.0,1.0,1.0,0.0,1442.1868,1359.7494,1579.7793999999997,432.158594407381,1668.7118,1523.5092000000002,1915.7338,807.3399302690892,1669.83,1523.8,1920.59,807.354563638908,0.02511632,0.024520438000000002,0.025602862,0.002020870121345491
baseline,40.0,DIAG_TOTAL,50,1,DEFAULT_QOS_FLOW,90,300,0.95,0.109533272,0.10266656599999999,0.117366614,0.027491554970683976,0.9115334,0.91086674,0.9122334199999999,0.0024707164870101266,405.93154000000004,389.4683399999999,429.5969800000001,75.48573289558817,1276.7068,1139.673,1504.7974,748.0120459999155,1669.52,1522.46,1919.78,807.1279531493764,0.0103621614,0.009574238399999999,0.011353832600000002,0.003229387155557164
baseline,40.0,EV_BACKGROUND_TOTAL,50,1,DEFAULT_QOS_FLOW,255,0,0,0.66334872,0.6343744000000001,0.68524816,0.0924506873454962,0.0,0.0,0.0,0.0,1000.8631399999999,999.53252,1002.4289200000001,5.306489911804372,1602.3872000000001,1465.4526,1838.5778000000003,751.1370024687336,1669.85,1524.2,1923.12,807.3564508787367,26.460268,25.287638,27.338238,3.759784787992037
baseline,40.0,FAULT_TOTAL,50,1,DEFAULT_QOS_FLOW,10,10,0.9999,0.62531386,0.60089744,0.6444514600000001,0.08112950637174404,1.0,1.0,1.0,0.0,989.69458,978.51666,1006.3641199999998,50.66419842939853,1668.8682000000001,1522.2094,1929.4085999999998,807.3634004577708,1669.9,1524.45,1924.11,807.4335143539937,0.51556806,0.49381201999999996,0.53210486,0.07094525479764273
baseline,40.0,TOTAL,50,-1,AGGREGATE,0,0,0,0.55761634,0.53750684,0.57352666,0.06695237532955642,0.9860429399999999,0.9859366,0.98615282,0.00039225790193781173,921.8642,907.4724399999999,945.29496,72.60763295681684,1656.4820000000002,1511.3926000000001,1907.3966,800.0043886588808,1669.8772,1525.204,1922.2839999999999,807.3972818804373,0.5510466,0.52892592,0.56800648,0.0730353943375458
slicing,0.0,ALERT_TOTAL,50,3,GBR_GAMING,50,50,0.99,0.9997101399999999,0.9991304199999999,1.0,0.002049619715947324,0.0198308318,0.013575768799999999,0.0271152702,0.025193368999886934,13.126178,12.514248,13.873729999999998,2.4818841287799467,13.116216,12.488762,13.837828,2.470561040831307,28.17,25.39,31.47,10.965325683578158,0.03076823,0.030423956000000002,0.031108048000000003,0.001213570962288652
slicing,0.0,DIAG_TOTAL,50,1,DEFAULT_QOS_FLOW,90,300,0.95,0.99983334,0.9995000199999999,1.0,0.001178464161525505,0.0001666666,0.0,0.0004999997999999999,0.0011785108305730585,10.1488102,9.9441684,10.396791200000001,0.8120907751800979,10.1007582,9.9347518,10.2778726,0.6234440911931339,16.32,15.45,17.36,3.502200474453926,0.093246188,0.093214778,0.093262008,0.00011052693575111267
slicing,0.0,FAULT_TOTAL,50,4,DGBR_DISCRETE_AUT_LARGE,10,10,0.9999,0.99967356,0.99902068,1.0,0.0023082793765053585,0.13722019400000002,0.117150424,0.167149166,0.09379240378261876,8.850645,8.629173799999998,9.255655999999998,1.370343175938727,8.853397,8.629061,9.2657784,1.3896937644826057,13.55,12.15,16.24,9.275268850275875,0.8668002,0.86566326,0.86788354,0.00406697283502316
slicing,0.0,TOTAL,50,-1,AGGREGATE,0,0,0,0.9997007000000001,0.9991021000000001,1.0,0.0021163705960913375,0.109305942,0.093273668,0.13268729199999998,0.07424827246822618,9.283605,9.057896999999999,9.661026400000003,1.2194116869266363,9.277519,9.060453599999999,9.6457658,1.1775432532603547,14.765206000000001,13.466102000000001,17.05807,7.4890170727324135,0.9908145399999999,0.98961476,0.99202718,0.004397231453716192
slicing,5.0,ALERT_TOTAL,50,3,GBR_GAMING,50,50,0.99,0.99689246,0.9915665,1.0,0.01738695305741683,0.005637776,0.0,0.015430132,0.030276199818895667,4.6147366,4.134299400000001,5.3801882,2.4204257698431606,4.5040228,4.1310446,5.0806895999999995,1.8319917111578814,10.08,8.01,14.04,13.40408481754418,0.030694534,0.030341739999999996,0.031045729999999997,0.0012992228294858206
slicing,5.0,DIAG_TOTAL,50,1,DEFAULT_QOS_FLOW,90,300,0.95,0.99366668,0.98553336,0.9999000000000001,0.026457459372867587,0.018633332,0.0012666659999999998,0.048499998,0.09359274486824731,74.662356,6.7392932000000005,205.2978884,446.50349763443387,73.688884,6.3768650000000004,203.20930899999996,448.47408606331373,157.98,11.33,443.16,989.6631266161601,0.09253144199999999,0.09173141400000002,0.09313818600000001,0.002661192694331485
slicing,5.0,EV_BACKGROUND_TOTAL,50,1,DEFAULT_QOS_FLOW,255,0,0,0.99630016,0.9904921600000001,0.999888,0.017627603899542998,0.0,0.0,0.0,0.0,72.96232619999999,6.447904000000001,202.24768319999998,446.309596024961,73.71062020000001,6.463108600000002,203.38185620000002,448.86719691839244,158.68,11.94,444.42,989.0360851116916,5.0893534,5.0545416,5.114255200000001,0.10816235067957161
slicing,5.0,FAULT_TOTAL,50,4,DGBR_DISCRETE_AUT_LARGE,10,10,0.9999,0.9955985599999999,0.98867424,1.0,0.02126536439431164,0.043448008600000004,0.008130653399999998,0.08855759499999999,0.15124517857805297,7.7248734,5.2332643999999995,11.6995766,11.570723835715654,7.9896634,5.2333348,12.2976924,13.133549353052269,16.55,9.08,26.0,30.834978812500374,0.8632928599999999,0.85734014,0.8673316999999998,0.019006708542855636
slicing,5.0,TOTAL,50,-1,AGGREGATE,0,0,0,0.99536254,0.9884096,0.99998414,0.021728659569850338,0.0375136342,0.0084606068,0.07602028200000001,0.12480818605008404,18.171272599999998,5.787951400000001,40.680987800000004,71.71503827744951,18.1681666,5.7389578,40.4588722,71.82322342250922,38.522546399999996,10.9817822,87.92650399999998,158.07492219817698,0.98651876,0.9797424400000001,0.99126148,0.021938009057583415
slicing,10.0,ALERT_TOTAL,50,3,GBR_GAMING,50,50,0.99,0.99685852,0.9925347600000001,1.0,0.013543458519257817,0.006381476,0.0,0.014695319999999998,0.027291183905785624,4.4887014,3.9957528,5.1625904,2.1240854759983128,4.3666136,3.9979476,4.8723241999999995,1.611645414486622,11.54,8.15,16.73,16.04047495352597,0.030695164,0.030345764,0.031051718,0.001277653243775717
slicing,10.0,DIAG_TOTAL,50,1,DEFAULT_QOS_FLOW,90,300,0.95,0.97843334,0.94250002,0.9989,0.11682564260305496,0.023033319999999996,0.001,0.06249996,0.13016628582175263,34.247400199999994,7.9294986,78.663561,149.33965467486985,98.82792020000001,7.394878599999998,276.084262,609.7470554800025,199.71,10.36,571.0,1292.0404399117494,0.091223718,0.08777744200000001,0.0931611,0.011062195336751422
slicing,10.0,EV_BACKGROUND_TOTAL,50,1,DEFAULT_QOS_FLOW,255,0,0,0.98317504,0.95788352,0.9985088000000001,0.08147335395960412,0.0,0.0,0.0,0.0,72.00630240000001,7.7997787999999995,195.70542079999998,420.5818031084335,147.9380424,8.0165882,422.38926380000004,951.4991266539142,231.861,12.34,663.6529999999999,1500.0438373624895,10.0524262,9.7736012,10.216867,0.8818186694759224
slicing,10.0,FAULT_TOTAL,50,4,DGBR_DISCRETE_AUT_LARGE,10,10,0.9999,0.9961494999999999,0.99126854,1.0,0.015405417057129011,0.04723265734,0.01184917034,0.09220603460000001,0.14198756468784868,7.084882,4.618279,10.2842896,9.896091132921203,7.232424,4.615970999999999,10.6190436,10.489275277605975,17.06,8.73,27.97,33.38334700330177,0.8638072800000001,0.85940948,0.86724276,0.014425544484528204
slicing,10.0,TOTAL,50,-1,AGGREGATE,0,0,0,0.99337766,0.9856707399999999,0.99873982,0.023984722786118223,0.0412402636,0.0122419774,0.07737335000000001,0.11709379144867474,11.248968999999999,5.696762999999999,20.004011,26.418889296435214,10.809463000000001,5.6239678,18.4537048,23.994780601166312,22.8929532,11.164075,38.896746199999995,53.24808226237055,0.98572616,0.9795955399999999,0.9906446399999999,0.020288246562631337
slicing,15.0,ALERT_TOTAL,50,3,GBR_GAMING,50,50,0.99,0.9989128599999999,0.9971326599999999,1.0,0.005587859208231764,0.002372336,0.0,0.00632883,0.012409306840461248,3.5702256,3.3694922,3.880876199999999,0.9652540099555903,3.523608,3.3702819999999996,3.760373000000001,0.7322812186194981,7.15,6.29,8.67,4.857142857142858,0.030760164,0.030420891999999998,0.031100234,0.0012298002535271776
slicing,15.0,DIAG_TOTAL,50,1,DEFAULT_QOS_FLOW,90,300,0.95,0.9791666600000001,0.9388,1.0,0.12802806262142813,0.02933334,0.0004,0.07433334,0.1416716725326138,30.8216624,7.338482,67.4196522,115.39076756828749,114.58770240000001,7.2629307999999995,318.6023316,703.6023841427591,235.731,11.62,665.5529999999999,1454.2306633170792,0.0913149978,0.0876829494,0.09326725,0.011951315798477417
slicing,15.0,EV_BACKGROUND_TOTAL,50,1,DEFAULT_QOS_FLOW,255,0,0,0.98388034,0.9543673999999999,1.0,0.09991219678575539,0.0,0.0,0.0,0.0,56.7768236,7.202681000000001,147.9736874,298.30384970153176,157.3438436,7.276335400000001,452.1156476,1005.5090365144855,242.611,11.7,682.1429999999999,1501.9779916758337,15.093496,14.625793999999999,15.348775999999997,1.5829410008678693
slicing,15.0,FAULT_TOTAL,50,4,DGBR_DISCRETE_AUT_LARGE,10,10,0.9999,0.99899068,0.9973913400000001,1.0,0.0050687193626342015,0.015953513500000002,0.0049313819,0.032847648199999996,0.05392878173412725,4.624124,3.9546222,5.6285208,3.1811732600416596,4.634726,3.955563,5.695644,3.2359721755785182,11.26,7.55,16.84,18.065495920597996,0.8663149400000001,0.8644245799999999,0.86786568,0.006281766060039256
slicing,15.0,TOTAL,50,-1,AGGREGATE,0,0,0,0.9958425200000001,0.98883016,1.0,0.02114078391692325,0.0173522446,0.005501734400000001,0.032755702000000005,0.04953882016692801,8.7139054,4.6836896,14.7223054,19.076095476247307,8.0367334,4.6744086000000005,12.976968399999999,15.346051373801188,17.8059222,9.640855799999999,29.176860399999992,36.15557449295967,0.98839018,0.9836421799999999,0.9917196,0.014940510197678617
slicing,20.0,ALERT_TOTAL,50,3,GBR_GAMING,50,50,0.99,1.0,1.0,1.0,0.0,0.0,0.0,0.0,0.0,3.0332368,3.0035406,3.067375,0.11836404551714035,3.0332368,3.0032902000000004,3.0683143999999998,0.11836404551714035,4.43,4.34,4.53,0.3313546715640915,0.030793691999999998,0.030461543999999997,0.031126668000000003,0.0012150909864042346
slicing,20.0,DIAG_TOTAL,50,1,DEFAULT_QOS_FLOW,90,300,0.95,0.9657666659999999,0.9133999979999998,1.0,0.1681678046215957,0.048499999999999995,0.0,0.10900002,0.19705665443393147,48.8985048,7.4061968,101.54443439999999,168.20749830390216,159.6266648,7.3895360000000005,413.73658880000005,774.8615169728837,314.639,14.68,803.9170000000001,1515.1578336754096,0.090010166,0.08510169,0.093268106,0.01577392880106492
slicing,20.0,EV_BACKGROUND_TOTAL,50,1,DEFAULT_QOS_FLOW,255,0,0,0.9806112,0.94565504,1.0,0.11270351831532617,0.0,0.0,0.0,0.0,94.33444159999999,7.566219599999999,205.26498339999995,363.80205975685465,215.77620160000004,7.3049854000000005,578.4901265999999,1071.1578879520048,322.131,13.98,817.9529999999999,1562.371864750606,20.0372154,19.2837102,20.46507,2.376440716655134
slicing,20.0,FAULT_TOTAL,50,4,DGBR_DISCRETE_AUT_LARGE,10,10,0.9999,1.0,1.0,1.0,0.0,0.00131288262,0.0010460314200000003,0.0015798763200000003,0.0009718900819869748,3.3343718,3.2673331999999995,3.4466512,0.35371770271076286,3.3343718,3.2677715999999997,3.4447954000000003,0.35371770271076286,5.46,5.29,5.62,0.6068486682216985,0.8672793599999999,0.8662864400000001,0.8682920799999999,0.0036161886902186602
slicing,20.0,TOTAL,50,-1,AGGREGATE,0,0,0,0.9945870600000001,0.98623466,1.0,0.026598806814124236,0.008707700379999999,0.00110399684,0.01817107716,0.030938891639283334,10.5271208,3.905798800000001,18.860454599999997,26.801174046166892,9.3005228,3.9591544000000005,16.1867784,22.85227092334643,18.0518048,6.899408400000002,34.25125980000001,49.83198005861191,0.9880834000000001,0.9827559000000001,0.9918615599999999,0.016884138867769433
slicing,22.0,ALERT_TOTAL,50,3,GBR_GAMING,50,50,0.99,1.0,1.0,1.0,0.0,0.0,0.0,0.0,0.0,2.9396265999999995,2.9154720000000003,2.9759922,0.11405915326402405,2.9396265999999995,2.9155168,2.9758663999999997,0.11405915326402405,4.27,4.25,4.31,0.1414213562373095,0.030793912,0.030451629999999997,0.031124526,0.0012146450160253003
slicing,22.0,DIAG_TOTAL,50,1,DEFAULT_QOS_FLOW,90,300,0.95,0.947133326,0.888566652,0.99246664,0.18699318733321876,0.10289998,0.037133320000000004,0.18106664000000003,0.2626540342027885,105.7658108,43.91518540000001,180.06553519999997,255.540098378939,236.5268108,58.908633200000004,509.39309360000004,837.9383268084475,479.949,128.67,989.9570000000001,1626.2506444645699,0.0881247376,0.0827060264,0.092361692,0.01758289881871872
slicing,22.0,EV_BACKGROUND_TOTAL,50,1,DEFAULT_QOS_FLOW,255,0,0,0.97613688,0.9386581799999999,0.99875666,0.11810788795646261,0.0,0.0,0.0,0.0,172.8764906,61.186971400000004,303.3197112,437.6875330614517,304.8265906,73.2907208,652.1732301999999,1105.6379386535561,481.421,128.85,1005.7129999999999,1632.3729527739542,21.8932794,20.991372199999997,22.436702,2.7425528080852644
slicing,22.0,FAULT_TOTAL,50,4,DGBR_DISCRETE_AUT_LARGE,10,10,0.9999,1.0,1.0,1.0,0.0,0.0002331852,0.00015337420000000003,0.00031930738,0.0002952106484227208,3.1745929999999998,3.09679,3.2974204000000005,0.38817032590246314,3.1745929999999998,3.0962989999999992,3.3021038000000003,0.38817032590246314,4.63,4.53,4.77,0.44675702203176826,0.86728224,0.8662756,0.8682594,0.0036149845318775966
slicing,22.0,TOTAL,50,-1,AGGREGATE,0,0,0,0.99164144,0.9826220800000002,0.9985993,0.029578174277638695,0.01643167242,0.006030936859999999,0.028669145219999997,0.04143542346646581,19.3517896,9.285784999999999,31.262285000000002,40.49886482056009,17.4975056,8.340426599999999,28.319735,37.057909723863226,36.5837984,16.160971599999996,62.067012399999996,85.33391203117576,0.98620104,0.98036922,0.9906522999999998,0.018768630358909723
slicing,23.0,ALERT_TOTAL,50,3,GBR_GAMING,50,50,0.99,1.0,1.0,1.0,0.0,0.0,0.0,0.0,0.0,2.9355472,2.9088086,2.9727114,0.12026680183929836,2.9355472,2.9091839999999998,2.9728641999999996,0.12026680183929836,4.26,4.25,4.28,0.07071067811865475,0.030793906,0.030461562,0.031117807999999997,0.0012146338133674321
slicing,23.0,DIAG_TOTAL,50,1,DEFAULT_QOS_FLOW,90,300,0.95,0.920333346,0.8558,0.9749333400000001,0.2153726295055734,0.11310002000000001,0.04416667999999999,0.19743338000000002,0.2849036592713826,92.4703112,38.651856800000004,155.5133558,217.7735471031249,244.9254112,59.16106579999999,525.3713996,860.6333472574405,481.639,131.61,1003.8670000000001,1626.3885589309307,0.0856876216,0.0796172552,0.09089090999999999,0.020357439673494824
slicing,23.0,EV_BACKGROUND_TOTAL,50,1,DEFAULT_QOS_FLOW,255,0,0,0.97189696,0.93373166,0.99613818,0.12122163157755673,0.0,0.0,0.0,0.0,194.075752,77.35005120000001,333.42000399999995,477.51251760775466,334.508752,89.52024300000001,689.3677160000001,1130.0909339709297,483.151,131.76,995.6429999999999,1632.6179953134867,22.7870514,21.8144248,23.391301999999996,2.9534154831963138
slicing,23.0,FAULT_TOTAL,50,4,DGBR_DISCRETE_AUT_LARGE,10,10,0.9999,1.0,1.0,1.0,0.0,9.994874000000001e-05,5.9888419999999995e-05,0.00014657626,0.00016819004141693106,3.1142932,3.0314074,3.2486801999999995,0.4025566505927951,3.1142932,3.033003,3.247491,0.4025566505927951,4.31,4.25,4.43,0.4242640687119285,0.8672791599999999,0.86628532,0.8682629599999998,0.003619147815805963
slicing,23.0,TOTAL,50,-1,AGGREGATE,0,0,0,0.98741676,0.9773837800000001,0.99582062,0.03404147776988465,0.01793455088,0.00703311398,0.0312112639,0.044975877634449074,17.2096734,8.9683096,27.258291400000005,34.59991771495109,14.418403399999999,7.0905214,22.386263000000003,27.91885112794547,28.5712592,13.197627999999998,46.696380600000005,61.9237366004759,0.98376074,0.97750222,0.9889706000000001,0.021278759063873234
slicing,24.0,ALERT_TOTAL,50,3,GBR_GAMING,50,50,0.99,1.0,1.0,1.0,0.0,0.0,0.0,0.0,0.0,2.932987,2.907111,2.9709782000000002,0.11637590265767114,2.932987,2.9073445999999996,2.9704314,0.11637590265767114,4.26,4.25,4.28,0.07071067811865475,0.030793722,0.03045819,0.031126708,0.001214765080050544
slicing,24.0,DIAG_TOTAL,50,1,DEFAULT_QOS_FLOW,90,300,0.95,0.91616668,0.8499667,0.9727000000000001,0.22378092277232722,0.13506668,0.05243334,0.22663334,0.3147331045797142,120.57599420000001,51.2564628,200.748507,272.02215098766067,286.29611420000003,91.84501480000003,558.912317,857.6565638918107,504.851,158.89,1012.962,1595.2857008049864,0.08533089540000001,0.0792323194,0.090699214,0.020998700548610166
slicing,24.0,EV_BACKGROUND_TOTAL,50,1,DEFAULT_QOS_FLOW,255,0,0,0.9672512000000001,0.92830802,0.9935221200000001,0.12519947577822702,0.0,0.0,0.0,0.0,219.57923060000002,90.70973520000001,372.76223100000004,508.12414184476296,370.1714306,112.07731820000001,738.72034,1152.921264665441,511.941,162.1,1036.922,1638.1681810351836,23.6545336,22.646874399999998,24.332702000000005,3.1914139815434246
slicing,24.0,FAULT_TOTAL,50,4,DGBR_DISCRETE_AUT_LARGE,10,10,0.9999,1.0,1.0,1.0,0.0,8.670642e-05,4.6701439999999996e-05,0.00012683236000000003,0.00014776585803348154,3.0801314000000004,2.9946836,3.2098104000000003,0.413875265375737,3.0801314000000004,2.9941091999999996,3.2114747999999995,0.413875265375737,4.31,4.25,4.43,0.4242640687119285,0.86728198,0.8662872199999999,0.86828054,0.003616690315236639
slicing,24.0,TOTAL,50,-1,AGGREGATE,0,0,0,0.9867591,0.9762429,0.99570378,0.03536740005345058,0.021391050879999998,0.00835950544,0.035874102000000005,0.04967463517909503,21.6164764,10.560163,33.859789799999994,43.11429704485588,18.8249904,9.383503600000001,29.777607600000007,37.68395460662773,31.5413078,14.981299799999999,50.58931820000001,65.72454518527947,0.98340672,0.9766978399999999,0.9888808399999999,0.021912236148372455
slicing,24.5,ALERT_TOTAL,50,3,GBR_GAMING,50,50,0.99,1.0,1.0,1.0,0.0,0.0,0.0,0.0,0.0,2.9324527999999996,2.9076868,2.9679032000000007,0.11258744257088826,2.9324527999999996,2.9079686000000002,2.9690633999999996,0.11258744257088826,4.25,4.22,4.28,0.10101525445522107,0.030793955999999997,0.030457679999999994,0.031128396,0.0012146954292247875
slicing,24.5,DIAG_TOTAL,50,1,DEFAULT_QOS_FLOW,90,300,0.95,0.897099994,0.821866648,0.95963334,0.2508902181586026,0.13976668,0.05316666,0.23070000000000002,0.3239338289515969,107.3949468,47.598456000000006,173.97826819999995,230.18012471508712,288.5830068,93.2520216,568.16527,873.4378577195964,523.679,169.71,1033.906,1630.755150920604,0.08370365760000001,0.0769337084,0.08955701599999999,0.02332613349048156
slicing,24.5,EV_BACKGROUND_TOTAL,50,1,DEFAULT_QOS_FLOW,255,0,0,0.9647819599999999,0.9235078,0.9924559599999999,0.12733900278630508,0.0,0.0,0.0,0.0,232.393796,96.50504819999998,384.7456724,522.0648034005332,388.292596,125.8095534,765.5260739999999,1163.8596729678065,525.491,175.29,1044.473,1639.640066577891,24.0861556,23.068380800000003,24.818990000000003,3.317674803471312
slicing,24.5,FAULT_TOTAL,50,4,DGBR_DISCRETE_AUT_LARGE,10,10,0.9999,1.0,1.0,1.0,0.0,6.0086139999999997e-05,2.669208e-05,9.997524000000001e-05,0.00012955047488960765,3.0656617999999995,2.978584199999999,3.1990239999999996,0.41574103291808456,3.0656617999999995,2.9794970000000007,3.1999690000000003,0.41574103291808456,4.31,4.25,4.43,0.4242640687119285,0.8672857399999999,0.8662900400000001,0.8682596400000001,0.003619186997497794
slicing,24.5,TOTAL,50,-1,AGGREGATE,0,0,0,0.9837516399999999,0.9720083199999999,0.9936181,0.039632548393893186,0.02211235662,0.008530751800000002,0.03625697086,0.05113616533873184,19.5274274,9.889909,30.184263,36.54515275264603,15.859601399999999,8.5739086,24.299241,28.692544836301987,27.8107786,14.656479999999997,43.8023878,52.89911495173728,0.98178348,0.9745111999999999,0.98788488,0.02420516971702953
slicing,25.0,ALERT_TOTAL,50,3,GBR_GAMING,50,50,0.99,1.0,1.0,1.0,0.0,0.0,0.0,0.0,0.0,2.9342106,2.9077141999999996,2.9713633999999995,0.11760058750391221,2.9342106,2.9078494,2.9711988000000003,0.11760058750391221,4.27,4.25,4.31,0.1414213562373095,0.030794144000000002,0.030457474,0.031124001999999998,0.0012147006620697352
slicing,25.0,DIAG_TOTAL,50,1,DEFAULT_QOS_FLOW,90,300,0.95,0.889033314,0.8102332879999998,0.9563333199999999,0.2642113396686162,0.17093332,0.08263334,0.26696662,0.33609062611095036,119.1619868,61.75871059999999,185.23024619999995,226.64143461330872,310.2962668,111.122687,591.3964685999999,882.2770421715583,558.139,198.22,1078.267,1628.224774111238,0.0828049876,0.0754939584,0.089210396,0.024742258452958455
slicing,25.0,EV_BACKGROUND_TOTAL,50,1,DEFAULT_QOS_FLOW,255,0,0,0.9623157600000001,0.9212616,0.99045244,0.12964361974235525,0.0,0.0,0.0,0.0,251.4688622,117.42129340000001,402.2062516,526.6981336641384,412.7264622,144.83886460000002,764.6360436,1169.632945460824,560.191,198.9,1089.364,1637.2932493154917,24.501819599999997,23.444026799999996,25.272940000000002,3.444432343744985
slicing,25.0,FAULT_TOTAL,50,4,DGBR_DISCRETE_AUT_LARGE,10,10,0.9999,1.0,1.0,1.0,0.0,6.002540000000001e-05,2.6660060000000003e-05,9.357322000000001e-05,0.00012941871293674684,3.0578106000000003,2.9703677999999996,3.1913982,0.4196969458754539,3.0578106000000003,2.9704098000000005,3.1907712,0.4196969458754539,4.31,4.25,4.43,0.4242640687119285,0.86728518,0.8663044799999998,0.8682911400000001,0.0036182696094872123
slicing,25.0,TOTAL,50,-1,AGGREGATE,0,0,0,0.98247858,0.9703710400000002,0.99301182,0.041731426573761214,0.02702381832,0.01318215842,0.04290793726,0.05304205145412682,21.374612000000003,12.1256366,32.024333999999996,35.979410336673084,17.3504,10.314952,25.636951400000008,27.79271685921471,30.739957800000003,17.4326938,45.621140000000004,51.25561013854921,0.9808844600000001,0.97325112,0.98742638,0.02556412094483283
slicing,25.5,ALERT_TOTAL,50,3,GBR_GAMING,50,50,0.99,1.0,1.0,1.0,0.0,0.0,0.0,0.0,0.0,2.9336974,2.9091077999999997,2.9684122000000004,0.11189560133992973,2.9336974,2.9086476,2.9689610000000006,0.11189560133992973,4.26,4.25,4.28,0.07071067811865475,0.030794112,0.030463468000000004,0.031120012,0.0012147207411733504
slicing,25.5,DIAG_TOTAL,50,1,DEFAULT_QOS_FLOW,90,300,0.95,0.8797333260000001,0.796999998,0.9512999999999999,0.28171475143335806,0.17946666,0.08976666,0.27686666,0.3464514569001392,136.3101222,72.71572999999998,207.1657412,246.2163308629182,336.67478220000004,130.4040288,614.8629113999999,906.8758789895388,611.659,242.88,1130.207,1641.6396755238593,0.081921305,0.074350144,0.08873685699999999,0.02619969835708164
slicing,25.5,EV_BACKGROUND_TOTAL,50,1,DEFAULT_QOS_FLOW,255,0,0,0.9599506800000001,0.9182953399999999,0.98934538,0.13207898094228565,0.0,0.0,0.0,0.0,277.6439358,138.28639579999998,433.96116839999996,537.195587325648,444.0751358,174.31226880000003,815.7357508,1176.5181598935121,613.691,246.36,1140.864,1650.4748183752502,24.9086948,23.796020400000003,25.733776,3.57658296144903
slicing,25.5,FAULT_TOTAL,50,4,DGBR_DISCRETE_AUT_LARGE,10,10,0.9999,1.0,1.0,1.0,0.0,1.3375700000000001e-05,0.0,3.3447080000000006e-05,6.619259578984616e-05,3.0545886,2.9668902,3.1878670000000007,0.4197956325720546,3.0545886,2.9672528,3.1877962,0.4197956325720546,4.31,4.25,4.43,0.4242640687119285,0.86728634,0.86631766,0.8682662999999999,0.003615454918789046
slicing,25.5,TOTAL,50,-1,AGGREGATE,0,0,0,0.98101114,0.9681345000000001,0.9924811800000001,0.04448992829889956,0.0283318197,0.014227206899999997,0.044327809800000006,0.054675534745120866,24.073338800000002,13.991741,35.151314,39.01890548976089,19.5420348,11.396868399999999,28.7429068,32.03015067587529,36.2462566,19.5264186,55.29165100000001,64.82749213618749,0.98000186,0.97228352,0.98692018,0.027015352371485182
slicing,26.0,ALERT_TOTAL,50,3,GBR_GAMING,50,50,0.99,1.0,1.0,1.0,0.0,0.0,0.0,0.0,0.0,2.9509954,2.9269027999999997,2.9861510000000004,0.10895964194271984,2.9509954,2.9272234,2.9849242,0.10895964194271984,4.26,4.25,4.28,0.07071067811865475,0.030793984,0.03046438,0.031121163999999996,0.0012147170901598986
slicing,26.0,DIAG_TOTAL,50,1,DEFAULT_QOS_FLOW,90,300,0.95,0.855166626,0.76933328,0.932299986,0.29490813924352005,0.2248667,0.12943334,0.32666675999999994,0.3612280943589719,146.30523300000002,85.03044479999998,211.95366280000002,229.6066739049942,361.056633,153.3179684,650.360771,911.1095467319893,664.7689999999999,300.6,1184.508,1639.5396369442324,0.079888871,0.07207681,0.08681163399999998,0.027003005008317
slicing,26.0,EV_BACKGROUND_TOTAL,50,1,DEFAULT_QOS_FLOW,255,0,0,0.95666288,0.91461794,0.9866963799999999,0.1343566638121087,0.0,0.0,0.0,0.0,315.08097999999995,171.62407239999996,473.496855,550.1370923162154,487.55178,217.44669399999998,853.5422686,1182.8831835642397,667.591,295.77,1194.444,1648.7905938030046,25.2931736,24.153462799999996,26.1483,3.7092645420087127
slicing,26.0,FAULT_TOTAL,50,4,DGBR_DISCRETE_AUT_LARGE,10,10,0.9999,1.0,1.0,1.0,0.0,1.9989199999999998e-05,0.0,4.64968e-05,7.99234627227314e-05,3.0517072,2.9645018,3.193512,0.41952840816968257,3.0517072,2.963752000000001,3.1852076,0.41952840816968257,4.31,4.25,4.43,0.4242640687119285,0.8672889600000001,0.86631556,0.8682973000000002,0.0036139857072552024
slicing,26.0,TOTAL,50,-1,AGGREGATE,0,0,0,0.97713878,0.9636,0.9892449600000001,0.046566164112745015,0.0355006975,0.02034609348,0.05153163600000001,0.05699761676172099,25.651031,15.986549200000002,35.8647558,36.40954898437352,20.160661,12.931870199999999,27.8917992,27.606802443209407,38.3796806,23.260660799999997,54.702922,56.68826566378699,0.97797192,0.96994904,0.9850912,0.027735738433336307
slicing,26.5,ALERT_TOTAL,50,3,GBR_GAMING,50,50,0.99,1.0,1.0,1.0,0.0,0.0,0.0,0.0,0.0,2.9475510000000003,2.9219471999999995,2.9846688000000006,0.11393216501721631,2.9475510000000003,2.9223054000000004,2.9840316000000002,0.11393216501721631,4.25,4.22,4.28,0.10101525445522107,0.030793676,0.030448516,0.03112836,0.0012146405537945982
slicing,26.5,DIAG_TOTAL,50,1,DEFAULT_QOS_FLOW,90,300,0.95,0.8434999860000001,0.752833326,0.92493332,0.3091313055308401,0.2395,0.1393,0.34339998,0.37711883509356375,173.56002,107.08081,245.28996999999995,248.48167740464265,397.5622,192.53468,681.2549,916.3100235821894,738.6389999999999,369.94,1260.817,1639.5750935771657,0.078548137,0.070340443,0.085855745,0.028617047342336912
slicing,26.5,EV_BACKGROUND_TOTAL,50,1,DEFAULT_QOS_FLOW,255,0,0,0.95336866,0.9099924199999999,0.98428808,0.13679812768539262,0.0,0.0,0.0,0.0,352.834202,204.96901599999998,510.64513,558.7522260490026,531.599602,259.90417,900.185876,1187.0642764661402,741.1610000000001,377.19,1249.9129999999998,1648.6832343644699,25.6637428,24.4682236,26.553991999999997,3.8470439900192224
slicing,26.5,FAULT_TOTAL,50,4,DGBR_DISCRETE_AUT_LARGE,10,10,0.9999,1.0,1.0,1.0,0.0,6.68002e-06,0.0,2.004006e-05,4.7234874404617616e-05,3.0515186,2.963563,3.1852101999999998,0.4201744467699198,3.0515186,2.9635564,3.184760200000001,0.4201744467699198,4.31,4.25,4.43,0.4242640687119285,0.86728374,0.8662951000000001,0.8682640800000001,0.0036191755167187334
slicing,26.5,TOTAL,50,-1,AGGREGATE,0,0,0,0.97529996,0.96144388,0.98807682,0.048803827337350066,0.0377985241,0.0219790301,0.0548018661,0.05950831659016533,29.9519846,19.6893284,41.26214340000001,39.36498636379114,23.928770599999996,15.752173400000002,33.2934864,31.962620866173356,46.70809199999999,29.873942799999995,65.9077726,65.27520117416996,0.97662574,0.9682393800000001,0.9842805999999998,0.02927891567692927
slicing,27.0,ALERT_TOTAL,50,3,GBR_GAMING,50,50,0.99,1.0,1.0,1.0,0.0,0.0,0.0,0.0,0.0,2.9393244,2.9137622000000003,2.9767314,0.11781673770006411,2.9393244,2.9133823999999997,2.9763007999999997,0.11781673770006411,4.25,4.22,4.28,0.10101525445522107,0.03079388,0.03046039,0.031124100000000002,0.001214803122875035
slicing,27.0,DIAG_TOTAL,50,1,DEFAULT_QOS_FLOW,90,300,0.95,0.8044666460000001,0.7107999580000001,0.8887333000000001,0.32335464981662015,0.55256662,0.5016665600000001,0.60773332,0.19213362666112013,311.98842,277.03218,348.96920000000006,130.7572815527491,554.4166399999999,367.86332000000004,825.6315999999999,863.3749420001164,1107.979,786.43,1578.4070000000002,1500.6395730395923,0.07560900300000001,0.067334662,0.08323109199999999,0.029419461339115566
slicing,27.0,EV_BACKGROUND_TOTAL,50,1,DEFAULT_QOS_FLOW,255,0,0,0.94913332,0.90624226,0.9818223599999999,0.13906460035411822,0.0,0.0,0.0,0.0,534.4449,406.02222,671.8990200000001,484.09434597544924,720.44522,462.22227999999996,1076.16456,1129.8719324337621,1116.3410000000001,792.27,1610.2939999999999,1511.6303837615942,25.913080800000003,24.7007716,26.83468,3.9440200495908813
slicing,27.0,FAULT_TOTAL,50,4,DGBR_DISCRETE_AUT_LARGE,10,10,0.9999,1.0,1.0,1.0,0.0,0.0,0.0,0.0,0.0,3.0526752,2.9655628000000003,3.1862198,0.4187298282402657,3.0526752,2.9656515999999997,3.187111,0.4187298282402657,4.31,4.25,4.43,0.4242640687119285,0.86728582,0.8662958200000002,0.8682512200000001,0.003616302981312965
slicing,27.0,TOTAL,50,-1,AGGREGATE,0,0,0,0.96914154,0.95479658,0.9824612,0.05104169407103593,0.087179468,0.079280872,0.095786516,0.03032954596773844,51.790116,46.39696800000001,57.699132,20.8332017948231,44.203988,41.30134,47.421960000000006,11.393833688655938,95.87427600000001,89.34661000000001,103.35228200000002,25.73825089811882,0.97368864,0.96538728,0.98133438,0.030052946831475778
slicing,27.5,ALERT_TOTAL,50,3,GBR_GAMING,50,50,0.99,1.0,1.0,1.0,0.0,0.0,0.0,0.0,0.0,2.941995,2.9164383999999997,2.9779213999999996,0.11477513535125088,2.941995,2.9159084,2.977937200000001,0.11477513535125088,4.25,4.22,4.28,0.10101525445522107,0.030794202,0.030456467999999997,0.031123664,0.0012147527610193282
slicing,27.5,DIAG_TOTAL,50,1,DEFAULT_QOS_FLOW,90,300,0.95,0.787700006,0.6924666519999999,0.8757666660000001,0.33872959947583403,0.64293334,0.6026666599999999,0.6857333800000001,0.1506522470105608,486.2749,479.5115,495.5374799999999,29.116707019215912,743.15592,579.64232,995.2503799999998,799.3096279749817,1499.779,1245.54,1923.037,1308.205009993636,0.0730087242,0.0643488364,0.08105746159999999,0.030291942901896192
slicing,27.5,EV_BACKGROUND_TOTAL,50,1,DEFAULT_QOS_FLOW,255,0,0,0.9446593,0.90132442,0.9774803400000001,0.1414540232248627,0.0,0.0,0.0,0.0,723.69444,624.3814,830.7654400000001,379.95554071196386,917.55584,679.13876,1252.72068,1060.295595911037,1512.201,1245.68,1954.773,1373.0854249957333,26.0346364,24.817963199999998,26.979103999999996,3.992610642363378
slicing,27.5,FAULT_TOTAL,50,4,DGBR_DISCRETE_AUT_LARGE,10,10,0.9999,1.0,1.0,1.0,0.0,1.340496e-05,0.0,3.353486e-05,6.633773595650595e-05,3.0514051999999996,2.9636322,3.1828695999999996,0.4195032075732496,3.0514051999999996,2.9636522,3.185329200000001,0.4195032075732496,4.31,4.25,4.43,0.4242640687119285,0.8672811199999999,0.86627948,0.8682865599999999,0.003618752528545873
slicing,27.5,TOTAL,50,-1,AGGREGATE,0,0,0,0.96649636,0.9511970399999999,0.9808343399999999,0.05346444544064699,0.101447098,0.095117662,0.108226338,0.023795766727002395,79.283588,78.17783600000001,80.821906,4.862078318429984,70.97176400000001,67.11894,74.474198,13.369454499117893,154.220606,142.669782,164.322396,39.67913024292318,0.97108412,0.9621946199999998,0.9791844600000001,0.030899440787252083
slicing,28.0,ALERT_TOTAL,50,3,GBR_GAMING,50,50,0.99,1.0,1.0,1.0,0.0,0.0,0.0,0.0,0.0,2.934047,2.908803,2.9694352,0.11291308199998212,2.934047,2.9084327999999995,2.9696911999999998,0.11291308199998212,4.26,4.25,4.28,0.07071067811865475,0.030794088,0.030460328,0.031130913999999996,0.0012145856573485192
slicing,28.0,DIAG_TOTAL,50,1,DEFAULT_QOS_FLOW,90,300,0.95,0.614999946,0.543633272,0.6825333400000001,0.2508579623636445,0.73029994,0.7031332799999999,0.7590332399999999,0.10084596588360055,563.94676,545.97358,580.6138400000001,63.18059017643999,893.1526200000001,746.8350799999998,1135.65892,759.5845211652166,1772.869,1553.93,2154.537,1233.8441707289605,0.056819505,0.05066858600000001,0.062670446,0.0221412255308136
slicing,28.0,EV_BACKGROUND_TOTAL,50,1,DEFAULT_QOS_FLOW,255,0,0,0.93319498,0.8896174000000001,0.96583002,0.14109164160428295,0.0,0.0,0.0,0.0,993.92186,937.4201400000001,1052.92626,212.26668513693056,1201.8442599999998,1003.81744,1499.6748,958.5884556438948,1817.971,1591.94,2211.163,1292.185638638296,26.0593644,24.819969199999996,26.986481999999995,4.000607448633504
slicing,28.0,FAULT_TOTAL,50,4,DGBR_DISCRETE_AUT_LARGE,10,10,0.9999,1.0,1.0,1.0,0.0,6.72494e-06,0.0,2.017482e-05,4.7552506770726614e-05,3.053068,2.9654933999999997,3.1858789999999995,0.42063682357461146,3.053068,2.9656576,3.1862728,0.42063682357461146,4.31,4.25,4.43,0.4242640687119285,0.86728402,0.8662765400000001,0.86825672,0.0036139087013416196
slicing,28.0,TOTAL,50,-1,AGGREGATE,0,0,0,0.93925366,0.9281492200000001,0.9496244399999998,0.03960403532295204,0.11522476,0.1109335,0.1198021,0.01594713668440264,91.540222,88.72028200000001,94.15763000000001,9.979876454355534,77.280746,71.481644,82.45459999999999,19.935237871824057,160.891382,146.84192000000002,174.039286,49.82479163013533,0.95489766,0.94829222,0.96084142,0.022816696541921273
slicing,28.5,ALERT_TOTAL,50,3,GBR_GAMING,50,50,0.99,1.0,1.0,1.0,0.0,0.0,0.0,0.0,0.0,2.9407818,2.9135508,2.9779679999999997,0.12035016649030816,2.9407818,2.9138587999999994,2.9780472,0.12035016649030816,4.27,4.25,4.31,0.1414213562373095,0.03079406,0.030456419999999998,0.031120706,0.0012147084961472217
slicing,28.5,DIAG_TOTAL,50,1,DEFAULT_QOS_FLOW,90,300,0.95,0.48549993399999997,0.43549994000000003,0.533166634,0.17965047335134038,0.82663338,0.8153667600000002,0.8386667200000001,0.04293441054316907,545.74668,531.1416800000001,559.1154000000001,51.02827165743015,957.2151600000001,814.0341000000001,1194.97146,741.9897943163963,1805.4389999999999,1589.17,2193.837,1226.382122146025,0.0450420596,0.040558746799999996,0.04931307,0.015959616487788215
slicing,28.5,EV_BACKGROUND_TOTAL,50,1,DEFAULT_QOS_FLOW,255,0,0,0.91723762,0.8735418799999999,0.94998054,0.13878013084142435,0.0,0.0,0.0,0.0,1109.663,1073.2233999999999,1148.6317999999999,138.47387772885293,1339.0116,1154.1908,1627.471,916.9895273506984,1821.261,1595.85,2213.533,1291.5333822548184,26.0710536,24.8074588,27.012537999999996,4.005241551671989
slicing,28.5,FAULT_TOTAL,50,4,DGBR_DISCRETE_AUT_LARGE,10,10,0.9999,1.0,1.0,1.0,0.0,1.340496e-05,0.0,3.353486e-05,6.633773595650595e-05,3.0516305999999997,2.9641281999999993,3.1873229999999997,0.418475979460407,3.0516305999999997,2.9645974,3.1847073999999997,0.418475979460407,4.31,4.25,4.43,0.4242640687119285,0.86728606,0.8662942199999999,0.86828502,0.0036157512636253238
slicing,28.5,TOTAL,50,-1,AGGREGATE,0,0,0,0.9188246999999999,0.9106517599999999,0.9263470999999999,0.02837211182550174,0.13042694000000002,0.12861551999999998,0.13234169999999998,0.006825632237771538,88.66861399999999,86.43823599999997,90.84017200000002,8.106750152754664,69.574516,65.17353999999999,73.600398,15.332131377858138,135.545108,125.138904,145.43135800000002,36.76470337442872,0.9431221999999999,0.9383187199999999,0.9475506800000001,0.01675787062480048
slicing,29.0,ALERT_TOTAL,50,3,GBR_GAMING,50,50,0.99,1.0,1.0,1.0,0.0,0.0,0.0,0.0,0.0,2.9451168,2.919664000000001,2.9827274,0.11639980220265124,2.9451168,2.9192294,2.9830086000000007,0.11639980220265124,4.25,4.22,4.28,0.10101525445522107,0.030793982,0.030466704,0.031116469999999997,0.0012146128735224778
slicing,29.0,DIAG_TOTAL,50,1,DEFAULT_QOS_FLOW,90,300,0.95,0.39553329400000004,0.356333294,0.43116664,0.13546319846412147,0.85643344,0.8494334600000002,0.8638667999999998,0.026311455754573852,520.35996,507.80266000000006,532.39274,44.85024428525833,996.1460000000001,853.9089,1238.42776,739.2700265299493,1809.369,1593.0,2185.657,1225.541089115834,0.0367216994,0.0333224694,0.039782701999999996,0.011974492577765321
slicing,29.0,EV_BACKGROUND_TOTAL,50,1,DEFAULT_QOS_FLOW,255,0,0,0.90170562,0.8596962200000001,0.9337420800000001,0.13649172485492686,0.0,0.0,0.0,0.0,1170.7236,1145.3106,1198.0511999999999,96.41562412042258,1423.0462,1249.508,1706.8988,893.9543527813341,1822.691,1596.95,2215.813,1291.218593299621,26.0792256,24.8738472,27.016674,4.008273986810211
slicing,29.0,FAULT_TOTAL,50,4,DGBR_DISCRETE_AUT_LARGE,10,10,0.9999,1.0,1.0,1.0,0.0,6.68002e-06,0.0,2.004006e-05,4.7234874404617616e-05,3.0540748000000004,2.9668584,3.1868578000000003,0.41958831339749575,3.0540748000000004,2.9667118,3.1859594,0.41958831339749575,4.31,4.25,4.43,0.4242640687119285,0.86728546,0.86628872,0.8682623600000001,0.0036163213590383178
slicing,29.0,TOTAL,50,-1,AGGREGATE,0,0,0,0.9046307,0.8985837,0.9102376,0.021406921617856713,0.13512259999999998,0.13400600000000001,0.13632574,0.0042026904696483985,84.664332,82.661908,86.627386,7.1771234318845405,61.717376,58.165783999999995,64.939988,12.461828753200958,114.223884,106.28743200000001,121.60813000000002,27.403315875834426,0.9348012,0.93105688,0.9381963599999998,0.012992220011080736
slicing,29.5,ALERT_TOTAL,50,3,GBR_GAMING,50,50,0.99,1.0,1.0,1.0,0.0,0.0,0.0,0.0,0.0,2.947396,2.9207248,2.9848712,0.1165102732616751,2.947396,2.9209861999999998,2.9847075999999992,0.1165102732616751,4.26,4.25,4.28,0.07071067811865475,0.030793973999999998,0.030463286000000003,0.031119968,0.001214749547010932
slicing,29.5,DIAG_TOTAL,50,1,DEFAULT_QOS_FLOW,90,300,0.95,0.348133374,0.316200048,0.37763332,0.11178141130063239,0.8725,0.8677999399999998,0.8778000599999999,0.018255175393653747,519.38488,506.67544000000004,531.5905200000001,45.1482791814542,1058.4046,918.96212,1295.9232200000001,732.3002130444445,1811.009,1595.32,2196.867,1225.140271839373,0.0323347294,0.029433324799999997,0.0349055548,0.00998243741013889
slicing,29.5,EV_BACKGROUND_TOTAL,50,1,DEFAULT_QOS_FLOW,255,0,0,0.88657314,0.8452078599999999,0.91819504,0.13423370569880375,0.0,0.0,0.0,0.0,1204.1442,1185.4966,1224.0711999999999,70.26159786868803,1479.8992,1311.8254000000002,1760.4468,879.4787770892299,1822.961,1597.54,2224.333,1291.0893674031354,26.084105599999997,24.8127028,27.034678,4.010142073468811
slicing,29.5,FAULT_TOTAL,50,4,DGBR_DISCRETE_AUT_LARGE,10,10,0.9999,1.0,1.0,1.0,0.0,6.72494e-06,0.0,2.017482e-05,4.7552506770726614e-05,3.0521548000000003,2.9638978,3.1843426,0.4201982752649913,3.0521548000000003,2.964372,3.1844446,0.4201982752649913,4.31,4.25,4.43,0.4242640687119285,0.8672808999999999,0.8662913000000002,0.8682692999999999,0.003620315925158909
slicing,29.5,TOTAL,50,-1,AGGREGATE,0,0,0,0.8971543599999999,0.8921255400000001,0.9017968000000002,0.01766690567683785,0.13765744,0.13687424,0.13851494,0.002973847251611685,84.510748,82.527572,86.48977599999998,7.249901852122143,59.625672,56.380646000000006,62.74976600000001,11.655760157580316,102.591444,96.11204400000001,108.44446400000001,22.284767047627042,0.93040956,0.92722664,0.93332232,0.011041600433314891
slicing,30.0,ALERT_TOTAL,50,3,GBR_GAMING,50,50,0.99,1.0,1.0,1.0,0.0,0.0,0.0,0.0,0.0,2.9417142000000003,2.915516,2.9791368,0.11861022351726824,2.9417142000000003,2.915428199999999,2.9793378,0.11861022351726824,4.25,4.22,4.28,0.10101525445522107,0.030794000000000002,0.03046313,0.031123942,0.0012147618474921116
slicing,30.0,DIAG_TOTAL,50,1,DEFAULT_QOS_FLOW,90,300,0.95,0.305533334,0.278966582,0.33050003399999994,0.09560494086701776,0.8847666200000001,0.88163324,0.8883332600000001,0.012302847063710945,505.84664,493.19764,517.9737799999999,45.0121747157729,1093.11666,959.05402,1323.44594,733.5043257558021,1820.6989999999998,1594.88,2224.257,1292.6669234369538,0.0284695948,0.025941043599999998,0.030711156000000003,0.008622019179462153
slicing,30.0,EV_BACKGROUND_TOTAL,50,1,DEFAULT_QOS_FLOW,255,0,0,0.87192598,0.83209002,0.9029810200000001,0.1320335589080987,0.0,0.0,0.0,0.0,1220.2862,1205.9056,1236.0016,54.3646598853426,1519.2026,1353.3713999999998,1795.0952,870.0485228265684,1823.011,1596.15,2228.5330000000004,1291.1501169179928,26.087400600000002,24.8396064,27.041672,4.012507607191929
slicing,30.0,FAULT_TOTAL,50,4,DGBR_DISCRETE_AUT_LARGE,10,10,0.9999,1.0,1.0,1.0,0.0,2.012992e-05,0.0,5.3709739999999994e-05,0.00010532219847276416,3.0508664,2.9626642000000003,3.1944714000000003,0.422486710732964,3.0508664,2.9625304,3.1856634,0.422486710732964,4.31,4.25,4.43,0.4242640687119285,0.86728232,0.8662982799999999,0.86827998,0.0036168925857900155
slicing,30.0,TOTAL,50,-1,AGGREGATE,0,0,0,0.8904321199999999,0.88608498,0.89437284,0.015128735905810348,0.13960316,0.1390556,0.14020944,0.0020829563895618007,82.370892,80.37706800000001,84.28887800000001,7.175858694711407,55.436986,52.145556000000006,58.370586,11.322372086254537,91.464076,85.91789000000003,96.59254400000002,19.343604612088203,0.92654588,0.9237344599999999,0.9290669,0.009868968611496038
slicing,31.0,ALERT_TOTAL,50,3,GBR_GAMING,50,50,0.99,1.0,1.0,1.0,0.0,0.0,0.0,0.0,0.0,2.9426286,2.918657,2.9761275999999994,0.10714308580947024,2.9426286,2.9182377999999995,2.9758983999999997,0.10714308580947024,4.24,4.2,4.27,0.12330483215451478,0.030793906,0.030454624,0.031132014,0.0012146523390078098
slicing,31.0,DIAG_TOTAL,50,1,DEFAULT_QOS_FLOW,90,300,0.95,0.24119990000000002,0.2242999,0.2565999,0.05963986320843139,0.89489994,0.89269992,0.8972999399999999,0.008481078662649036,475.52891999999997,467.6589,483.98536,29.52934749401078,1137.11694,1002.84508,1368.4369599999998,721.5016737802417,1819.539,1595.13,2205.7070000000003,1282.1062022333026,0.0225387906,0.020968813200000005,0.0239881442,0.005599929651183643
slicing,31.0,EV_BACKGROUND_TOTAL,50,1,DEFAULT_QOS_FLOW,255,0,0,0.84398506,0.8038783600000001,0.87360058,0.12785052213942208,0.0,0.0,0.0,0.0,1222.1018000000001,1211.0675999999999,1232.6916,40.006461809185225,1565.4707999999998,1404.261,1827.0244,859.9695975400667,1823.0610000000001,1597.3,2228.323,1291.139145953396,26.0932586,24.8521404,27.036544000000003,4.013371705099073
slicing,31.0,FAULT_TOTAL,50,4,DGBR_DISCRETE_AUT_LARGE,10,10,0.9999,1.0,1.0,1.0,0.0,1.340496e-05,0.0,3.353486e-05,6.633773595650595e-05,3.053566,2.9653248000000003,3.1870658000000005,0.4211138982193171,3.053566,2.9658924,3.1878367999999995,0.4211138982193171,4.31,4.25,4.43,0.4242640687119285,0.86728368,0.8662670399999999,0.8682725599999999,0.003617041470255915
slicing,31.0,TOTAL,50,-1,AGGREGATE,0,0,0,0.88028514,0.87762072,0.8827236,0.009449728755442074,0.14119658,0.14079890000000003,0.14162396000000002,0.0015152071602151775,77.592576,76.3493,79.023354,4.90857690734602,47.310598,45.468392,49.100404,6.5771062196599654,74.871856,71.75020599999999,78.043748,11.469488704743055,0.9206164,0.9185820800000001,0.92249526,0.007107535053069553
slicing,32.0,ALERT_TOTAL,50,3,GBR_GAMING,50,50,0.99,1.0,1.0,1.0,0.0,0.0,0.0,0.0,0.0,2.9583656,2.9351024,2.9918382,0.10542795592464542,2.9583656,2.9354312,2.9919401999999997,0.10542795592464542,4.26,4.25,4.28,0.07071067811865475,0.030793898,0.030454049999999996,0.031123724000000005,0.0012145017499403461
slicing,32.0,DIAG_TOTAL,50,1,DEFAULT_QOS_FLOW,90,300,0.95,0.20653342,0.19306669999999998,0.21890010000000001,0.046808426340707816,0.89786678,0.89596676,0.8999334999999999,0.0072846696458090275,460.31158000000005,452.11738,469.40511999999995,31.95539177595377,1175.37272,1040.40996,1400.94692,724.7113056206656,1819.901,1595.99,2210.7430000000004,1282.568553384821,0.0194553256,0.0181515004,0.020667586199999997,0.00463520596679554
slicing,32.0,EV_BACKGROUND_TOTAL,50,1,DEFAULT_QOS_FLOW,255,0,0,0.8177126,0.7793919000000001,0.8464334000000001,0.12388903709977814,0.0,0.0,0.0,0.0,1206.45,1196.2454,1214.8754,34.86644290455118,1591.7078,1431.5498,1868.1814,854.8618220944558,1823.0510000000002,1597.52,2225.113,1291.1413355699472,26.0963108,24.853704799999996,27.042064,4.0158750135486345
slicing,32.0,FAULT_TOTAL,50,4,DGBR_DISCRETE_AUT_LARGE,10,10,0.9999,1.0,1.0,1.0,0.0,6.68002e-06,0.0,2.004006e-05,4.7234874404617616e-05,3.0493704000000004,2.9617418,3.1811122,0.42193321035424164,3.0493704000000004,2.9619832000000006,3.1836421999999995,0.42193321035424164,4.31,4.25,4.43,0.4242640687119285,0.8672840399999999,0.8662915999999999,0.8682767000000001,0.003619414830142165
slicing,32.0,TOTAL,50,-1,AGGREGATE,0,0,0,0.87481514,0.8726272,0.87673408,0.007447073480836592,0.14165914000000002,0.14130732000000001,0.14203184,0.0013198607689403276,75.18794799999999,73.887146,76.737456,5.2949605234596335,42.999053999999994,41.205701999999995,44.82059399999999,6.53551333665192,65.594424,62.92706200000001,68.63993599999999,10.34687700777902,0.91753326,0.9156911600000001,0.91920056,0.006373533837996139
slicing,33.0,ALERT_TOTAL,50,3,GBR_GAMING,50,50,0.99,1.0,1.0,1.0,0.0,0.0,0.0,0.0,0.0,2.951463,2.9251009999999997,2.9878638,0.11625331240837128,2.951463,2.9251259999999997,2.9873650000000005,0.11625331240837128,4.24,4.21,4.27,0.12330483215451478,0.030793972,0.030463622,0.031130425999999996,0.0012149068263661294
slicing,33.0,DIAG_TOTAL,50,1,DEFAULT_QOS_FLOW,90,300,0.95,0.161866666,0.15270005199999998,0.17053327199999999,0.03213249173792789,0.9005333600000001,0.89896662,0.9022667399999998,0.006055669041586111,423.51554000000004,412.9919399999999,435.97996000000006,42.33644622916162,1143.69068,1000.94956,1376.1966400000001,746.3542473017794,1819.511,1596.18,2215.803,1282.6991085164032,0.015298856199999999,0.014305611200000002,0.016338665999999998,0.003705941289170008
slicing,33.0,EV_BACKGROUND_TOTAL,50,1,DEFAULT_QOS_FLOW,255,0,0,0.7930539400000001,0.7556811999999999,0.82058782,0.12018064253250994,0.0,0.0,0.0,0.0,1184.10722,1173.8404799999998,1191.4255999999998,32.68075273737165,1608.7486,1451.9207999999999,1870.7468000000001,851.9079912042098,1823.151,1597.29,2229.003,1291.121466822861,26.1004908,24.8890416,27.052473999999997,4.015975696638004
slicing,33.0,FAULT_TOTAL,50,4,DGBR_DISCRETE_AUT_LARGE,10,10,0.9999,1.0,1.0,1.0,0.0,1.340496e-05,0.0,3.353486e-05,6.633773595650595e-05,3.0544626,2.9665611999999997,3.1875038,0.42035844454130294,3.0544626,2.9662262,3.191325,0.42035844454130294,4.31,4.25,4.43,0.4242640687119285,0.86728284,0.8663173599999999,0.8682723400000001,0.003615956544122129
slicing,33.0,TOTAL,50,-1,AGGREGATE,0,0,0,0.86776868,0.86634236,0.86915434,0.005147511007174203,0.14208505999999999,0.14178166,0.14240436,0.0011505917272678192,69.38688,67.691516,71.450348,6.954809483415936,34.239686,32.221126,36.661553999999995,8.10531182041299,53.511732,50.98506999999999,56.91164800000001,10.847062372684794,0.9133757199999999,0.9118010200000001,0.9149374200000001,0.0056424028643181166
slicing,34.0,ALERT_TOTAL,50,3,GBR_GAMING,50,50,0.99,1.0,1.0,1.0,0.0,0.0,0.0,0.0,0.0,2.9461002,2.9192631999999996,2.9838818,0.11737402767830955,2.9461002,2.9197749999999996,2.9830388,0.11737402767830955,4.25,4.22,4.28,0.10101525445522107,0.030793944,0.030469074000000002,0.031124898,0.0012148016557950723
slicing,34.0,DIAG_TOTAL,50,1,DEFAULT_QOS_FLOW,90,300,0.95,0.145666726,0.13743342,0.154166726,0.030235310424199014,0.90326678,0.90190018,0.9047667800000001,0.005150326767085265,416.06292,404.59796,429.58922000000007,45.98582689101733,1166.5957799999999,1022.55906,1410.17586,752.1009636966843,1819.3110000000001,1596.19,2228.973,1282.5790524743175,0.0138314896,0.012921452200000001,0.014870996400000001,0.0036002135409574964
slicing,34.0,EV_BACKGROUND_TOTAL,50,1,DEFAULT_QOS_FLOW,255,0,0,0.7697759999999999,0.7337787400000001,0.7970834600000001,0.11666068563862236,0.0,0.0,0.0,0.0,1158.89626,1148.5493800000002,1165.7540000000001,31.546101841920443,1620.726,1464.0741999999998,1887.1338,850.0588380980292,1823.161,1596.17,2219.2729999999997,1291.1232517277506,26.101466799999997,24.851915199999997,27.060578,4.017769669885876
slicing,34.0,FAULT_TOTAL,50,4,DGBR_DISCRETE_AUT_LARGE,10,10,0.9999,1.0,1.0,1.0,0.0,0.0,0.0,0.0,0.0,3.0523962,2.9649944,3.185415800000001,0.4203329078285838,3.0523962,2.964556,3.1868055999999996,0.4203329078285838,4.31,4.25,4.43,0.4242640687119285,0.86728808,0.8663178599999999,0.86827936,0.003620780899198407
slicing,34.0,TOTAL,50,-1,AGGREGATE,0,0,0,0.86521312,0.8638729999999998,0.86658574,0.004846256618235968,0.14250568,0.14223568000000003,0.14278882,0.0010071155911202804,68.209264,66.359628,70.460398,7.526092848238732,32.08761,29.823482,34.790402,8.970729279826626,49.024409999999996,46.30639599999999,52.676554,11.820772455978517,0.9119135799999999,0.91036918,0.91346122,0.005526611908515643
slicing,35.0,ALERT_TOTAL,50,3,GBR_GAMING,50,50,0.99,1.0,1.0,1.0,0.0,0.0,0.0,0.0,0.0,2.9368912,2.9117888,2.9730126,0.11654287815010493,2.9368912,2.9119742000000004,2.9737346000000002,0.11654287815010493,4.27,4.25,4.31,0.1414213562373095,0.030793866,0.030459278,0.03112242,0.0012144360410495068
slicing,35.0,DIAG_TOTAL,50,1,DEFAULT_QOS_FLOW,90,300,0.95,0.135966672,0.12729999,0.145266652,0.03252435959205158,0.9056331799999999,0.9045998200000003,0.9068331399999998,0.00408094888770754,413.33816,400.7338,428.64808,50.50260574338552,1196.7652,1049.7506199999998,1439.4819199999997,770.3660535925208,1821.4089999999999,1594.41,2216.717,1292.7276023377542,0.012965887600000002,0.0120359474,0.014045076599999998,0.0037453783651716904
slicing,35.0,EV_BACKGROUND_TOTAL,50,1,DEFAULT_QOS_FLOW,255,0,0,0.74780788,0.7130826200000001,0.7741517800000001,0.1133305046240978,0.0,0.0,0.0,0.0,1132.70418,1122.92094,1139.0102,30.7837308102769,1629.6426000000001,1473.2181999999998,1891.8952,848.856067299434,1823.181,1595.64,2217.883,1291.1188469019844,26.1028686,24.8773092,27.057374,4.016563234427555
slicing,35.0,FAULT_TOTAL,50,4,DGBR_DISCRETE_AUT_LARGE,10,10,0.9999,1.0,1.0,1.0,0.0,6.68002e-06,0.0,2.004006e-05,4.7234874404617616e-05,3.052309,2.9646642,3.1857568000000005,0.41853011915243943,3.052309,2.9648347999999998,3.1857524,0.41853011915243943,4.31,4.25,4.43,0.4242640687119285,0.8672837800000001,0.8662887,0.86827422,0.003620648319946951
slicing,35.0,TOTAL,50,-1,AGGREGATE,0,0,0,0.8636835399999999,0.8623202999999999,0.86512536,0.005179769312529311,0.1428844,0.14264514,0.14314364,0.0008821164252835927,67.780176,65.727216,70.284082,8.239836821486113,31.105794,28.527736,34.099168000000006,10.051337385020677,46.313144,43.158041999999995,50.382459999999995,13.275934368103352,0.91104354,0.9095202600000001,0.91255398,0.005585088712539745
slicing,40.0,ALERT_TOTAL,50,3,GBR_GAMING,50,50,0.99,1.0,1.0,1.0,0.0,0.0,0.0,0.0,0.0,2.9474998,2.9238541999999996,2.9828503999999993,0.11063649212513518,2.9474998,2.9235514,2.9826022,0.11063649212513518,4.26,4.25,4.28,0.07071067811865475,0.030793966,0.030461242000000003,0.031134768,0.0012146472345214523
slicing,40.0,DIAG_TOTAL,50,1,DEFAULT_QOS_FLOW,90,300,0.95,0.10730003399999999,0.09876672600000001,0.11730000199999999,0.03363106569341719,0.91156678,0.9109000999999999,0.9123334399999998,0.002573482523265118,400.88620000000003,388.51723999999996,414.8869,48.467332631876694,1286.4758,1143.4704,1516.2174000000002,740.0743615949435,1821.621,1594.26,2220.893,1288.5920866292288,0.0102788612,0.0092975674,0.011432045200000001,0.0039250750473197845
slicing,40.0,EV_BACKGROUND_TOTAL,50,1,DEFAULT_QOS_FLOW,255,0,0,0.6543971999999999,0.6237837600000001,0.67750664,0.09918197949965199,0.0,0.0,0.0,0.0,1007.2407000000001,998.7168999999999,1012.0663999999998,27.952715030229616,1653.5626000000002,1497.4092,1923.7188000000003,846.5881557910878,1823.3010000000002,1598.81,2226.243,1291.1038986033523,26.104953799999997,24.8846056,27.057298,4.018607124379012
slicing,40.0,FAULT_TOTAL,50,4,DGBR_DISCRETE_AUT_LARGE,10,10,0.9999,1.0,1.0,1.0,0.0,1.34499e-05,0.0,4.03497e-05,9.510515496280945e-05,3.052158,2.9649414000000003,3.1922108000000002,0.4201386506274094,3.052158,2.9646446,3.1837723999999996,0.4201386506274094,4.31,4.25,4.43,0.4242640687119285,0.86728406,0.8663083199999998,0.8682857799999999,0.003617624767096529
slicing,40.0,TOTAL,50,-1,AGGREGATE,0,0,0,0.85916126,0.8577886799999999,0.8607129599999999,0.00534867707011819,0.14382572,0.14361696,0.14403078000000002,0.0007615019541159753,65.814736,63.800134,68.095126,7.845901854192183,27.382921999999997,24.802522,30.303254000000003,10.145176234944248,37.761502,34.798736,41.372564000000004,12.18090637858585,0.90835696,0.90679986,0.9099131600000001,0.005658725593745123
